date,home,away,pick,outcome,raw_ml_p_pct,platt_ml_p_pct,raw_band,platt_band,thresholds_crossed
2026-01-01,Auckland,Newcastle Jets,home,away,52.3236,61.3199,<55,60-<65,55|60
2026-01-01,Barnet,Crawley Town,home,home,51.7855,60.7290,<55,60-<65,55|60
2026-01-01,Bristol City,Portsmouth,home,home,50.9545,59.8112,<55,55-<60,55
2026-01-01,Northampton Town,Stockport County,away,draw,47.9797,56.4745,<55,55-<60,55
2026-01-01,Sunderland,Manchester City,away,draw,55.5719,64.8280,55-<60,60-<65,60
2026-01-02,Aveley FC,Canvey Island,home,home,53.1180,62.1872,<55,60-<65,55|60
2026-01-02,Cagliari,Milan,away,away,54.2074,63.3668,<55,60-<65,55|60
2026-01-02,Hapoel Rishon Lezion,Hapoel Afula,home,draw,51.0438,59.9101,<55,55-<60,55
2026-01-02,Maccabi Herzliya,Hapoel Raanana,home,away,49.5262,58.2189,<55,55-<60,55
2026-01-02,Melbourne Victory,Perth Glory,home,home,51.5104,60.4258,<55,60-<65,55|60
2026-01-03,Aston Villa,Nottingham Forest,home,home,50.8093,59.6501,<55,55-<60,55
2026-01-03,Bedford Town,AFC Fylde,away,away,56.2660,65.5642,55-<60,65-<80,60|65
2026-01-03,Bnei Sakhnin,Hapoel Beer Sheva,away,away,53.4760,62.5761,<55,60-<65,55|60
2026-01-03,Bournemouth,Arsenal,away,away,62.8296,72.2808,60-<65,65-<80,65
2026-01-03,Brighton,Burnley,home,home,51.3532,60.2523,<55,60-<65,55|60
2026-01-03,Brisbane Roar,Wellington Phoenix,home,away,55.2004,64.4320,55-<60,60-<65,60
2026-01-03,CD Castellon,Huesca,home,home,56.7131,66.0359,55-<60,65-<80,60|65
2026-01-03,Espanyol,Barcelona,away,away,56.5712,65.8864,55-<60,65-<80,60|65
2026-01-03,Kilmarnock,Hibernian,away,away,47.3317,55.7373,<55,55-<60,55
2026-01-03,Senegal,Sudan,home,home,53.2677,62.3500,<55,60-<65,55|60
2026-01-03,St Johnstone,Arbroath FC,home,home,48.1104,56.6227,<55,55-<60,55
2026-01-03,Worthing FC,Chippenham,home,draw,75.2256,83.6633,65-<80,>=80,80
2026-01-04,Fulham,Liverpool,away,draw,46.9885,55.3454,<55,55-<60,55
2026-01-04,Inter,Bologna,home,home,54.2185,63.3787,<55,60-<65,55|60
2026-01-04,Kuala Lumpur,Imigresen,home,home,52.3726,61.3736,<55,60-<65,55|60
2026-01-04,Lorient,Metz,home,draw,48.9332,57.5525,<55,55-<60,55
2026-01-04,Manchester City,Chelsea,home,draw,47.4369,55.8572,<55,55-<60,55
2026-01-04,Morocco,Tanzania,home,home,79.3760,87.0629,65-<80,>=80,80
2026-01-04,Real Madrid,Real Betis,home,home,46.9445,55.2951,<55,55-<60,55
2026-01-04,Real Sociedad,Atlético Madrid,away,draw,47.1338,55.5115,<55,55-<60,55
2026-01-04,Sanremese,Vado,away,home,59.2067,68.6291,55-<60,65-<80,60|65
2026-01-04,Santa Clara,Porto,away,away,63.8684,73.3019,60-<65,65-<80,65
2026-01-04,Sevilla,Levante,home,away,52.0172,60.9838,<55,60-<65,55|60
2026-01-05,Benevento Calcio,FC Crotone,home,home,47.0663,55.4344,<55,55-<60,55
2026-01-05,Egypt,Benin,home,draw,72.7994,81.5772,65-<80,>=80,80
2026-01-05,Galatasaray,Trabzonspor,home,home,47.7458,56.2088,<55,55-<60,55
2026-01-05,MC Alger,CS Constantine,home,home,52.1732,61.1550,<55,60-<65,55|60
2026-01-05,Maccabi Haifa,Hapoel Haifa,home,home,53.4551,62.5534,<55,60-<65,55|60
2026-01-05,Nigeria,Mozambique,home,home,74.8743,83.3656,65-<80,>=80,80
2026-01-06,Fenerbahçe,Samsunspor,home,home,50.2336,59.0098,<55,55-<60,55
2026-01-06,Kariobangi Sharks,Gor Mahia,away,away,52.9242,61.9761,<55,60-<65,55|60
2026-01-06,Rangers,Aberdeen,home,home,58.8995,68.3131,55-<60,65-<80,60|65
2026-01-06,Sassuolo,Juventus,away,away,52.4483,61.4564,<55,60-<65,55|60
2026-01-06,The New Saints,Bala Town,home,home,77.5491,85.5932,65-<80,>=80,80
2026-01-07,Burnley,Manchester United,away,draw,58.5453,67.9475,55-<60,65-<80,60|65
2026-01-07,Manchester City,Brighton,home,draw,57.1435,66.4879,55-<60,65-<80,60|65
2026-01-07,Napoli,Verona,home,draw,64.8851,74.2896,60-<65,65-<80,65
2026-01-08,Milan,Genoa,home,draw,64.1940,73.6195,60-<65,65-<80,65
2026-01-08,Qatar SC,Al Sadd SC,away,away,50.7944,59.6336,<55,55-<60,55
2026-01-09,Hidalgo,Gavilanes FC Matamoros,away,home,48.2954,56.8322,<55,55-<60,55
2026-01-10,Hauts Lyonnais,Lorient,away,away,48.1014,56.6125,<55,55-<60,55
2026-01-10,Juve Stabia,Pescara,home,draw,54.5334,63.7175,<55,60-<65,55|60
2026-01-10,Macclesfield,Crystal Palace,away,home,50.3653,59.1566,<55,55-<60,55
2026-01-10,Racing Santander,Real Zaragoza,home,away,53.8024,62.9295,<55,60-<65,55|60
2026-01-10,Real Madrid W,Sevilla W,home,home,55.5220,64.7748,55-<60,60-<65,60
2026-01-10,Real Oviedo,Real Betis,away,draw,52.3910,61.3937,<55,60-<65,55|60
2026-01-10,Udinese,AC Pisa,home,draw,48.6124,57.1907,<55,55-<60,55
2026-01-10,Villarreal,Deportivo Alavés,home,home,61.5806,71.0378,60-<65,65-<80,65
2026-01-11,Asante Kotoko,Berekum Chelsea,home,draw,62.7522,72.2043,60-<65,65-<80,65
2026-01-11,Bahia,Jequié,home,home,54.7607,63.9615,<55,60-<65,55|60
2026-01-11,Internacional,Novo Hamburgo RS,home,home,47.4467,55.8684,<55,55-<60,55
2026-01-11,Keçiörengücü,Hatayspor,home,home,71.0483,80.0275,65-<80,>=80,80
2026-01-11,Medeama SC,Young Apostles,home,home,60.0577,69.4994,60-<65,65-<80,65
2026-01-11,Pistoiese,Rovato Vertova,home,home,51.2899,60.1824,<55,60-<65,55|60
2026-01-11,Real Apodaca,Ciervos,home,home,75.7234,84.0824,65-<80,>=80,80
2026-01-11,Sheffield United,Mansfield,home,away,51.5108,60.4263,<55,60-<65,55|60
2026-01-12,Juventus,Cremonese,home,home,62.8663,72.3172,60-<65,65-<80,65
2026-01-12,Liverpool,Barnsley,home,home,60.1595,69.6030,60-<65,65-<80,65
2026-01-12,Maccabi Petah Tikva,Hapoel Ramat Gan,home,draw,52.4837,61.4951,<55,60-<65,55|60
2026-01-13,Alanyaspor,Fatih Karagümrük,home,draw,57.9498,67.3300,55-<60,65-<80,60|65
2026-01-13,Borussia Dortmund,Werder Bremen,home,home,62.8662,72.3170,60-<65,65-<80,65
2026-01-13,Deportivo La Coruña,Atlético Madrid,away,away,64.8117,74.2187,60-<65,65-<80,65
2026-01-13,Fethiyespor,Galatasaray,away,away,63.5649,73.0047,60-<65,65-<80,65
2026-01-13,Hapoel Petah Tikva,Maccabi Bnei Raina,home,away,53.0678,62.1326,<55,60-<65,55|60
2026-01-13,Huddersfield,Rotherham,home,home,60.4236,69.8713,60-<65,65-<80,65
2026-01-13,Kidderminster,Morecambe,home,home,48.1557,56.6740,<55,55-<60,55
2026-01-13,St Johnstone,Ross County,home,home,54.5792,63.7668,<55,60-<65,55|60
2026-01-13,Stockport County,Harrogate Town,home,home,54.2906,63.4564,<55,60-<65,55|60
2026-01-13,The New Saints,Colwyn Bay,home,home,60.0258,69.4669,60-<65,65-<80,65
2026-01-14,Hapoel Raanana,Maccabi Haifa,away,away,61.7047,71.1620,60-<65,65-<80,65
2026-01-14,Inter,Lecce,home,home,76.3413,84.5984,65-<80,>=80,80
2026-01-14,Köln,Bayern Munich,away,away,76.5270,84.7525,65-<80,>=80,80
2026-01-14,Levadiakos,Kifisia,home,home,46.9613,55.3144,<55,55-<60,55
2026-01-14,Napoli,Parma,home,draw,64.1363,73.5632,60-<65,65-<80,65
2026-01-14,Nasarawa Utd,Kano Pillars,home,away,60.2310,69.6757,60-<65,65-<80,65
2026-01-14,Sporting Covilha,Académica Coimbra,away,draw,52.1594,61.1399,<55,60-<65,55|60
2026-01-15,Anderlecht,Gent,home,home,52.5310,61.5469,<55,60-<65,55|60
2026-01-15,Racing Santander,Barcelona,away,away,78.3111,86.2114,65-<80,>=80,80
2026-01-16,AC Pisa,Atalanta,away,draw,64.2518,73.6757,60-<65,65-<80,65
2026-01-16,Rangers,Annan Athletic,home,home,74.2140,82.8022,65-<80,>=80,80
2026-01-17,Burton Albion,Huddersfield,away,home,50.3306,59.1180,<55,55-<60,55
2026-01-17,Cagliari,Juventus,away,home,62.8618,72.3127,60-<65,65-<80,65
2026-01-17,Cruzeiro,Uberlândia MG,home,home,56.1019,65.3906,55-<60,65-<80,60|65
2026-01-17,Fiorentina W,Genoa W,home,draw,60.4627,69.9110,60-<65,65-<80,65
2026-01-17,Hansa Rostock,Erzgebirge Aue,home,home,47.0866,55.4576,<55,55-<60,55
2026-01-17,Liverpool,Burnley,home,draw,71.6388,80.5542,65-<80,>=80,80
2026-01-17,Napoli,Sassuolo,home,home,59.9727,69.4128,55-<60,65-<80,60|65
2026-01-17,Nottingham Forest,Arsenal,away,draw,62.3707,71.8260,60-<65,65-<80,65
2026-01-17,Real Madrid,Levante,home,home,74.2765,82.8557,65-<80,>=80,80
2026-01-17,Stockport County,Rotherham,home,home,59.9439,69.3835,55-<60,65-<80,60|65
2026-01-17,Tottenham,West Ham,home,away,46.7732,55.0992,<55,55-<60,55
2026-01-17,Udinese,Inter,away,away,61.4502,70.9070,60-<65,65-<80,65
2026-01-18,Aston Villa,Everton,home,away,54.0600,63.2078,<55,60-<65,55|60
2026-01-18,CD Trofense,AD Marco 09,home,away,48.3691,56.9157,<55,55-<60,55
2026-01-18,Cruz Azul,Puebla FC,home,home,47.3552,55.7641,<55,55-<60,55
2026-01-18,Nasarawa Utd,Niger Tornadoes,home,home,51.5624,60.4832,<55,60-<65,55|60
2026-01-18,Panargiakos,Kalamata,away,away,74.0575,82.6678,65-<80,>=80,80
2026-01-18,Pescara,Modena FC,away,away,48.1007,56.6117,<55,55-<60,55
2026-01-18,Real Sociedad,Barcelona,away,home,53.3199,62.4067,<55,60-<65,55|60
2026-01-18,Rennes,Le Havre,home,draw,48.3684,56.9149,<55,55-<60,55
2026-01-19,Besiktas,Kayserispor,home,home,57.2228,66.5711,55-<60,65-<80,60|65
2026-01-19,Kafr Qasim,Maccabi Petah Tikva,away,draw,47.2827,55.6815,<55,55-<60,55
2026-01-19,Konyaspor,Eyüpspor,home,draw,49.8937,58.6304,<55,55-<60,55
2026-01-20,JS Kairouanaise,Stade Tunisien,away,away,48.0144,56.5138,<55,55-<60,55
2026-01-20,Real Madrid,Monaco,home,home,57.7079,67.0781,55-<60,65-<80,60|65
2026-01-20,Sheffield Wednesday,Birmingham City,away,away,49.3398,58.0098,<55,55-<60,55
2026-01-20,Villarreal,Ajax,home,away,51.8026,60.7478,<55,60-<65,55|60
2026-01-21,CS Herediano,Guadalupe FC,home,home,58.5955,67.9994,55-<60,65-<80,60|65
2026-01-21,CS Sfaxien,CA Bizertin,home,home,53.2949,62.3795,<55,60-<65,55|60
2026-01-21,Vitória,Juazeirense,home,home,53.7003,62.8191,<55,60-<65,55|60
2026-01-21,Watford,Portsmouth,home,draw,54.3690,63.5407,<55,60-<65,55|60
2026-01-22,Cruzeiro,Democrata GV,home,away,59.6242,69.0571,55-<60,65-<80,60|65
2026-01-22,Feyenoord,Sturm Graz,home,home,49.0082,57.6370,<55,55-<60,55
2026-01-22,Goiás,Centro Oeste,home,home,49.3406,58.0107,<55,55-<60,55
2026-01-23,Adana Demirspor,Bandirmaspor,away,away,75.4400,83.8441,65-<80,>=80,80
2026-01-23,Inter,AC Pisa,home,home,73.4455,82.1397,65-<80,>=80,80
2026-01-23,Trabzonspor,Kasımpasa SK,home,home,56.1089,65.3979,55-<60,65-<80,60|65
2026-01-24,Bayern Munich,Augsburg,home,away,75.6044,83.9824,65-<80,>=80,80
2026-01-24,Bournemouth,Liverpool,away,home,52.9186,61.9700,<55,60-<65,55|60
2026-01-24,Hednesford Town,Leek Town,home,home,51.1055,59.9785,<55,55-<60,55
2026-01-24,Heidenheim,RB Leipzig,away,away,55.9296,65.2080,55-<60,65-<80,60|65
2026-01-24,Palmeiras,São Paulo,home,home,52.7119,61.7446,<55,60-<65,55|60
2026-01-24,The New Saints,Barry Town,home,home,61.7023,71.1596,60-<65,65-<80,65
2026-01-25,Atalanta,Parma,home,home,52.7001,61.7317,<55,60-<65,55|60
2026-01-25,Atlético Baleares,Torrent CF,home,home,56.5842,65.9000,55-<60,65-<80,60|65
2026-01-25,Atlético Madrid,Real Mallorca,home,home,64.6518,74.0640,60-<65,65-<80,65
2026-01-25,Barcelona,Real Oviedo,home,home,78.5810,86.4286,65-<80,>=80,80
2026-01-25,CR Belouizdad,Stellenbosch FC,home,home,52.9887,62.0465,<55,60-<65,55|60
2026-01-25,Crystal Palace,Chelsea,away,away,50.2330,59.0092,<55,55-<60,55
2026-01-25,Floriana FC,Mosta FC,home,home,57.7839,67.1572,55-<60,65-<80,60|65
2026-01-25,Hatayspor,Ümraniyespor,away,away,50.1228,58.8862,<55,55-<60,55
2026-01-25,Marko,Panargiakos,home,home,48.1424,56.6589,<55,55-<60,55
2026-01-25,Marsaxlokk,Tarxien Rainbows,home,home,51.1084,59.9816,<55,55-<60,55
2026-01-25,Metz,Lyon,away,away,60.4593,69.9075,60-<65,65-<80,65
2026-01-25,Novorizontino SP,Botafogo SP,home,home,48.6819,57.2692,<55,55-<60,55
2026-01-25,Persib Bandung,PSBS Biak Numfor,home,home,77.2131,85.3183,65-<80,>=80,80
2026-01-25,Real Sociedad W,Eibar W,home,home,57.2695,66.6200,55-<60,65-<80,60|65
2026-01-25,Victoria Utd Limbé,PWD Bamenda,home,home,47.8247,56.2984,<55,55-<60,55
2026-01-26,Hapoel Raanana,Hapoel Kfar Saba,away,draw,47.9697,56.4631,<55,55-<60,55
2026-01-26,Maccabi Petah Tikva,Hapoel Hadera,home,home,63.1387,72.5859,60-<65,65-<80,65
2026-01-26,Parma U19,Torino U19,home,draw,57.4266,66.7844,55-<60,65-<80,60|65
2026-01-26,Porto,Gil Vicente,home,home,54.9145,64.1262,<55,60-<65,55|60
2026-01-27,Cambridge Utd,Shrewsbury,home,home,60.1746,69.6183,60-<65,65-<80,65
2026-01-27,Inverness CT,Stenhousemuir FC,home,home,49.4849,58.1726,<55,55-<60,55
2026-01-27,Milton Keynes Dons,Bristol Rovers,home,home,59.4190,68.8469,55-<60,65-<80,60|65
2026-01-27,"St Pauli
",RB Leipzig,away,draw,49.1275,57.7713,<55,55-<60,55
2026-01-28,Atlético Madrid,Bodo/Glimt,home,away,62.2301,71.6863,60-<65,65-<80,65
2026-01-28,Bayer Leverkusen,Villarreal,home,home,46.8516,55.1889,<55,55-<60,55
2026-01-28,Manchester City,Galatasaray,home,home,62.3565,71.8120,60-<65,65-<80,65
2026-01-28,Pyramids,El Gouna,home,draw,48.5536,57.1243,<55,55-<60,55
2026-01-29,Celtic,Utrecht,home,home,53.7027,62.8217,<55,60-<65,55|60
2026-01-29,FCSB,Fenerbahçe,away,draw,62.4440,71.8989,60-<65,65-<80,65
2026-01-29,Go Ahead Eagles,Sporting Braga,away,draw,55.7119,64.9768,55-<60,60-<65,60
2026-01-29,Ikorodu City,Shooting Stars SC,draw,home,51.4028,60.3071,<55,60-<65,55|60
2026-01-29,Maccabi Tel Aviv,Bologna,away,away,62.5018,71.9562,60-<65,65-<80,65
2026-01-29,Real Betis,Feyenoord,home,home,53.1155,62.1845,<55,60-<65,55|60
2026-01-30,Antalyaspor,Trabzonspor,away,draw,55.2079,64.4400,55-<60,60-<65,60
2026-01-30,Dinamo Bucuresti,Petrolul Ploiesti,home,draw,58.2814,67.6743,55-<60,65-<80,60|65
2026-01-30,Espanyol,Deportivo Alavés,home,away,48.8054,57.4085,<55,55-<60,55
2026-01-30,Istanbulspor AS,Hatayspor,home,home,63.4946,72.9358,60-<65,65-<80,65
2026-01-30,Lens,Le Havre,home,home,62.6122,72.0656,60-<65,65-<80,65
2026-01-31,Carabobo,Portuguesa,home,draw,49.8739,58.6083,<55,55-<60,55
2026-01-31,Chelsea,West Ham,home,home,56.2902,65.5898,55-<60,65-<80,60|65
2026-01-31,Club América,Club Necaxa,home,home,56.6853,66.0066,55-<60,65-<80,60|65
2026-01-31,Levante,Atlético Madrid,away,draw,59.8425,69.2801,55-<60,65-<80,60|65
2026-01-31,Liverpool,Newcastle United,home,home,47.5594,55.9967,<55,55-<60,55
2026-01-31,Sestao River,CD Alfaro,home,home,61.6617,71.1190,60-<65,65-<80,65
2026-01-31,Stenhousemuir FC,Peterhead FC,home,draw,53.2753,62.3582,<55,60-<65,55|60
2026-02-01,Barcelona W,Sevilla W,home,home,78.8251,86.6242,65-<80,>=80,80
2026-02-01,Borussia Dortmund,Heidenheim,home,home,73.0803,81.8223,65-<80,>=80,80
2026-02-01,CD Numancia,CD Lealtad,home,away,61.1416,70.5968,60-<65,65-<80,65
2026-02-01,Celtic,Falkirk FC,home,home,60.5007,69.9494,60-<65,65-<80,65
2026-02-01,Galatasaray,Kayserispor,home,home,73.2973,82.0110,65-<80,>=80,80
2026-02-01,Manchester United,Fulham,home,home,53.3559,62.4458,<55,60-<65,55|60
2026-02-01,Parma,Juventus,away,away,63.1071,72.5548,60-<65,65-<80,65
2026-02-01,RSD Alcala,Colonia Moscardó,home,home,47.0302,55.3931,<55,55-<60,55
2026-02-01,Real Betis,Valencia,home,home,46.7435,55.0652,<55,55-<60,55
2026-02-01,Real Madrid,Rayo Vallecano,home,home,74.7198,83.2343,65-<80,>=80,80
2026-02-01,Tijuana W,Puebla W,home,home,60.2204,69.6649,60-<65,65-<80,65
2026-02-01,Tottenham,Manchester City,away,draw,51.9705,60.9324,<55,60-<65,55|60
2026-02-01,Toulouse,Auxerre,home,draw,52.9757,62.0322,<55,60-<65,55|60
2026-02-02,Kocaelispor,Fenerbahçe,away,away,58.8002,68.2107,55-<60,65-<80,60|65
2026-02-02,Remo Stars,Plateau United,home,away,47.9674,56.4605,<55,55-<60,55
2026-02-03,Bayer Leverkusen,"St Pauli
",home,home,59.6513,69.0847,55-<60,65-<80,60|65
2026-02-03,Blackburn Rovers,Sheffield Wednesday,home,home,55.9415,65.2205,55-<60,65-<80,60|65
2026-02-03,Forest Green,Woking,home,home,49.1011,57.7415,<55,55-<60,55
2026-02-03,Needham Market,AFC Sudbury,home,home,63.9890,73.4196,60-<65,65-<80,65
2026-02-03,Radcliffe Borough,Oxford City,home,home,49.6154,58.3189,<55,55-<60,55
2026-02-03,Santos Laguna W,Monterrey W,away,away,55.9984,65.2809,55-<60,65-<80,60|65
2026-02-03,Sheffield United,Oxford United,home,home,55.5283,64.7815,55-<60,60-<65,60
2026-02-03,Trabzonspor,Fethiyespor,home,home,60.1555,69.5990,60-<65,65-<80,65
2026-02-04,Flamengo,Internacional,home,draw,60.6518,70.1025,60-<65,65-<80,65
2026-02-04,Galatasaray,Istanbulspor AS,home,home,72.3770,81.2067,65-<80,>=80,80
2026-02-04,Livingston,Falkirk FC,away,away,48.6668,57.2521,<55,55-<60,55
2026-02-04,Maccabi Bnei Raina,Hapoel Beer Sheva,away,away,75.2507,83.6845,65-<80,>=80,80
2026-02-04,Manchester City,Newcastle United,home,home,50.8674,59.7146,<55,55-<60,55
2026-02-04,Nice,Montpellier,home,home,48.0773,56.5852,<55,55-<60,55
2026-02-04,Rangers,Kilmarnock,home,home,72.3898,81.2180,65-<80,>=80,80
2026-02-04,Talleres Córdoba,Argentino Merlo,home,home,47.5676,56.0061,<55,55-<60,55
2026-02-04,Toulouse,Amiens,home,home,60.1647,69.6083,60-<65,65-<80,65
2026-02-04,Villarreal U19,Bayer Leverkusen U19,home,home,51.4153,60.3209,<55,60-<65,55|60
2026-02-05,Fenerbahçe,Erzurum BB,home,home,56.4363,65.7440,55-<60,65-<80,60|65
2026-02-05,Maccabi Kabilio Jaffa,Maccabi Tel Aviv,away,away,56.7410,66.0652,55-<60,65-<80,60|65
2026-02-06,CSKA-Sofia,Arda Kardzhali,home,home,49.3968,58.0738,<55,55-<60,55
2026-02-06,Fylkir FC,Breidablik,home,home,56.8969,66.2292,55-<60,65-<80,60|65
2026-02-06,Hidalgo,Ciervos,home,draw,51.4371,60.3450,<55,60-<65,55|60
2026-02-06,Juárez W,América W,away,draw,47.2147,55.6038,<55,55-<60,55
2026-02-06,Kisvárda FC,Kazincbarcikai SC,home,home,51.6736,60.6058,<55,60-<65,55|60
2026-02-06,Metz,Lille,away,draw,59.4988,68.9287,55-<60,65-<80,60|65
2026-02-06,Montana,CSKA 1948,away,away,56.4068,65.7129,55-<60,65-<80,60|65
2026-02-06,Neom SC,Al Riyadh SC,home,home,49.5461,58.2412,<55,55-<60,55
2026-02-06,Reims,SC Bastia,home,draw,59.1534,68.5743,55-<60,65-<80,60|65
2026-02-06,Stade Briochin,FC Sochaux,away,draw,52.0475,61.0171,<55,60-<65,55|60
2026-02-07,Arsenal,Sunderland,home,home,59.9196,69.3587,55-<60,65-<80,60|65
2026-02-07,Barcelona,Real Mallorca,home,home,74.9513,83.4310,65-<80,>=80,80
2026-02-07,Dunfermline,Kelty Hearts,home,home,55.8012,65.0717,55-<60,65-<80,60|65
2026-02-07,Ferencvaros,Ujpest FC,home,home,51.3937,60.2971,<55,60-<65,55|60
2026-02-07,Genoa,Napoli,away,away,48.5796,57.1537,<55,55-<60,55
2026-02-07,Harrogate Town,Cambridge Utd,away,home,62.6146,72.0681,60-<65,65-<80,65
2026-02-07,Ironi Tiberias,Hapoel Tel Aviv,away,away,47.7928,56.2622,<55,55-<60,55
2026-02-07,Lens,Rennes,home,home,48.4324,56.9873,<55,55-<60,55
2026-02-07,Lokomotiv Sofia,Ludogorets,away,away,54.0609,63.2088,<55,60-<65,55|60
2026-02-07,Manchester United,Tottenham,home,home,50.9753,59.8343,<55,55-<60,55
2026-02-07,Monterrey W,Tijuana W,home,home,60.5335,69.9827,60-<65,65-<80,65
2026-02-07,Nantes,Lyon,away,away,50.5099,59.3176,<55,55-<60,55
2026-02-07,Pachuca W,Mazatlán W,home,home,73.3369,82.0455,65-<80,>=80,80
2026-02-07,Real Sociedad,Elche,home,home,48.9311,57.5502,<55,55-<60,55
2026-02-07,SV Wehen,Schweinfurt,home,home,58.0402,67.4239,55-<60,65-<80,60|65
2026-02-08,Atlético Madrid,Real Betis,home,away,54.1054,63.2569,<55,60-<65,55|60
2026-02-08,Bayern Munich,Hoffenheim,home,home,62.6547,72.1078,60-<65,65-<80,65
2026-02-08,Besiktas,Alanyaspor,home,draw,46.7619,55.0861,<55,55-<60,55
2026-02-08,Cobán Imperial,Deportivo Mictlán,home,home,54.8323,64.0382,<55,60-<65,55|60
2026-02-08,Juventus,Lazio,home,draw,51.9195,60.8764,<55,60-<65,55|60
2026-02-08,Olympique Safi,Djoliba AC,home,home,51.0596,59.9276,<55,55-<60,55
2026-02-08,Rangers,Queen's Park FC,home,home,77.5139,85.5645,65-<80,>=80,80
2026-02-08,Rizespor,Galatasaray,away,away,62.7119,72.1644,60-<65,65-<80,65
2026-02-08,Saprissa,San Carlos,home,home,49.8853,58.6210,<55,55-<60,55
2026-02-08,Valencia,Real Madrid,away,away,63.5206,72.9613,60-<65,65-<80,65
2026-02-09,Atalanta,Cremonese,home,home,62.3823,71.8376,60-<65,65-<80,65
2026-02-09,Maccabi Tel Aviv,Maccabi Bnei Raina,home,home,71.4951,80.4264,65-<80,>=80,80
2026-02-09,Racing Santander,Mirandés,home,home,64.2044,73.6295,60-<65,65-<80,65
2026-02-09,Sakaryaspor,Erzurum BB,away,away,56.1688,65.4614,55-<60,65-<80,60|65
2026-02-10,AFC Fylde,Spennymoor Town,home,home,56.5075,65.8192,55-<60,65-<80,60|65
2026-02-10,Dorking Wanderers,Dover Athletic,home,home,58.2515,67.6433,55-<60,65-<80,60|65
2026-02-10,Huddersfield,Doncaster Rovers,home,draw,52.2073,61.1924,<55,60-<65,55|60
2026-02-10,Scarborough,South Shields,away,draw,46.9174,55.2642,<55,55-<60,55
2026-02-10,West Ham,Manchester United,away,draw,57.0489,66.3888,55-<60,65-<80,60|65
2026-02-11,AC Renate,Triestina,home,home,47.8107,56.2826,<55,55-<60,55
2026-02-11,Gangwon FC,Shanghai SIPG,home,draw,49.6409,58.3475,<55,55-<60,55
2026-02-11,Rosario Central,Sportivo Belgrano,home,home,52.7565,61.7932,<55,60-<65,55|60
2026-02-12,Brentford,Arsenal,away,draw,52.7100,61.7425,<55,60-<65,55|60
2026-02-12,FH Hafnarfjordur,IBV Vestmannaeyjar,home,draw,51.9012,60.8562,<55,60-<65,55|60
2026-02-13,AC Bellinzona,FC Vaduz,away,away,52.8209,61.8636,<55,60-<65,55|60
2026-02-13,AC Pisa,Milan,away,away,59.1690,68.5904,55-<60,65-<80,60|65
2026-02-13,Carabobo,Monagas SC,home,home,51.5432,60.4620,<55,60-<65,55|60
2026-02-13,Galatasaray,Eyüpspor,home,home,74.4602,83.0129,65-<80,>=80,80
2026-02-13,Monaco,Nantes,home,home,56.2569,65.5545,55-<60,65-<80,60|65
2026-02-13,Vissel Kobe,V-Varen Nagasaki,home,home,47.3106,55.7132,<55,55-<60,55
2026-02-14,Barnet,Cheltenham,home,draw,52.7629,61.8003,<55,60-<65,55|60
2026-02-14,Bayer Leverkusen,"St Pauli
",home,home,63.3215,72.7657,60-<65,65-<80,65
2026-02-14,Deportivo Tachira,Trujillanos FC,home,draw,53.3737,62.4651,<55,60-<65,55|60
2026-02-14,Liverpool,Brighton,home,home,57.2756,66.6264,55-<60,65-<80,60|65
2026-02-14,Paris FC,Lens,away,away,52.9092,61.9598,<55,60-<65,55|60
2026-02-14,Real Madrid,Real Sociedad,home,home,57.8498,67.2259,55-<60,65-<80,60|65
2026-02-14,Siracusa,Catania,away,draw,56.2648,65.5629,55-<60,65-<80,60|65
2026-02-14,St Gallen,Grasshoppers,home,draw,59.1588,68.5799,55-<60,65-<80,60|65
2026-02-14,Verl,Hoffenheim II,home,home,54.6946,63.8906,<55,60-<65,55|60
2026-02-14,Werder Bremen,Bayern Munich,away,away,73.3140,82.0256,65-<80,>=80,80
2026-02-15,Lyon,Nice,home,home,57.5362,66.8988,55-<60,65-<80,60|65
2026-02-15,Rayo Vallecano,Atlético Madrid,away,home,56.0818,65.3692,55-<60,65-<80,60|65
2026-02-16,Atromitos FC,Panserraikos,home,draw,51.9847,60.9481,<55,60-<65,55|60
2026-02-16,Aveley FC,Chichester City,home,draw,59.0802,68.4991,55-<60,65-<80,60|65
2026-02-16,Macclesfield,Brentford,away,away,59.8847,69.3231,55-<60,65-<80,60|65
2026-02-17,Cambridge Utd,Colchester Utd,home,draw,47.1908,55.5765,<55,55-<60,55
2026-02-17,Milton Keynes Dons,Crawley Town,home,draw,61.9344,71.3916,60-<65,65-<80,65
2026-02-17,Stevenage,Port Vale,home,home,47.3258,55.7306,<55,55-<60,55
2026-02-17,Zabbar St. Patrick,Valletta FC,away,draw,58.6195,68.0242,55-<60,65-<80,60|65
2026-02-18,FC Winterthur,St Gallen,away,away,54.2333,63.3947,<55,60-<65,55|60
2026-02-18,Levante,Villarreal,away,away,56.8210,66.1494,55-<60,65-<80,60|65
2026-02-18,Qarabag,Newcastle United,away,away,53.4023,62.4961,<55,60-<65,55|60
2026-02-18,Vitória,Bahia de Feira BA,home,home,57.0906,66.4325,55-<60,65-<80,60|65
2026-02-19,Brann,Bologna,away,away,51.7874,60.7311,<55,60-<65,55|60
2026-02-19,Noah,AZ Alkmaar,away,home,61.8080,71.2653,60-<65,65-<80,65
2026-02-20,Cherno More Varna,Botev Vratsa,home,draw,51.3589,60.2586,<55,60-<65,55|60
2026-02-20,Dundalk FC,Drogheda Utd,home,draw,48.1703,56.6906,<55,55-<60,55
2026-02-20,FC Stade Nyonnais,FC Aarau,away,draw,51.0917,59.9632,<55,55-<60,55
2026-02-20,Sassuolo,Verona,home,home,54.0653,63.2135,<55,60-<65,55|60
2026-02-21,Atlético Madrid,Espanyol,home,home,48.7125,57.3037,<55,55-<60,55
2026-02-21,Bnei Sakhnin,Hapoel Tel Aviv,away,draw,51.0642,59.9327,<55,55-<60,55
2026-02-21,CSKA-Sofia,Slavia Sofia,home,home,57.0817,66.4232,55-<60,65-<80,60|65
2026-02-21,Harrogate Town,Bromley FC,away,draw,64.4590,73.8770,60-<65,65-<80,65
2026-02-21,Lecce,Inter,away,away,72.9476,81.7066,65-<80,>=80,80
2026-02-21,Lens,Monaco,home,away,51.5601,60.4807,<55,60-<65,55|60
2026-02-21,Malacateco,Deportivo Achuapa,home,draw,48.2883,56.8242,<55,55-<60,55
2026-02-21,Manchester City,Newcastle United,home,home,52.9672,62.0230,<55,60-<65,55|60
2026-02-21,Millwall,Portsmouth,home,away,53.3593,62.4495,<55,60-<65,55|60
2026-02-21,Osasuna,Real Madrid,away,home,53.5248,62.6291,<55,60-<65,55|60
2026-02-21,Real Betis,Rayo Vallecano,home,draw,52.3421,61.3402,<55,60-<65,55|60
2026-02-21,Real Sociedad,Real Oviedo,home,draw,62.0723,71.5291,60-<65,65-<80,65
2026-02-21,Schalke 04,Magdeburg,home,home,52.7743,61.8127,<55,60-<65,55|60
2026-02-22,Barcelona,Levante,home,home,78.4978,86.3617,65-<80,>=80,80
2026-02-22,Correggese Calcio,Pistoiese,away,away,58.7910,68.2013,55-<60,65-<80,60|65
2026-02-22,Milan,Parma,home,away,61.2881,70.7442,60-<65,65-<80,65
2026-02-22,Nottingham Forest,Liverpool,away,away,48.4356,56.9909,<55,55-<60,55
2026-02-22,Porto,Rio Ave,home,home,78.7728,86.5824,65-<80,>=80,80
2026-02-22,Raja Casablanca,Ittihad Tanger,home,home,51.8885,60.8423,<55,60-<65,55|60
2026-02-22,Tottenham,Arsenal,away,away,59.9665,69.4065,55-<60,65-<80,60|65
2026-02-22,Villarreal,Valencia,home,home,49.5318,58.2253,<55,55-<60,55
2026-02-23,Eintracht Frankfurt W,Freiburg W,home,home,50.4121,59.2087,<55,55-<60,55
2026-02-23,FC Famalicão,Casa Pia AC,home,home,47.4499,55.8721,<55,55-<60,55
2026-02-23,Fenerbahçe,Kasımpasa SK,home,draw,71.1288,80.0995,65-<80,>=80,80
2026-02-23,Seattle Sounders,Colorado Rapids,home,home,60.8914,70.3446,60-<65,65-<80,65
2026-02-24,Bhayangkara Utd,Semen Padang,home,home,53.2484,62.3290,<55,60-<65,55|60
2026-02-24,Ceramica Cleopatra,Ismaily,home,draw,64.9730,74.3745,60-<65,65-<80,65
2026-02-24,Inter,Bodo/Glimt,home,away,72.3870,81.2155,65-<80,>=80,80
2026-02-24,Kaizer Chiefs,Stellenbosch FC,home,away,52.7883,61.8279,<55,60-<65,55|60
2026-02-24,Middlesbrough,Leicester City,home,draw,63.0815,72.5295,60-<65,65-<80,65
2026-02-24,Salford City,Shrewsbury,home,away,51.9982,60.9628,<55,60-<65,55|60
2026-02-25,FC Cartagena,Sevilla Atletico,home,home,53.0899,62.1566,<55,60-<65,55|60
2026-02-25,Juventus,Galatasaray,home,home,58.8405,68.2523,55-<60,65-<80,60|65
2026-02-25,Vélez Sársfield,Deportivo Riestra,home,draw,50.8640,59.7109,<55,55-<60,55
2026-02-26,AZ Alkmaar,Noah,home,home,73.0059,81.7574,65-<80,>=80,80
2026-02-26,Bologna,Brann,home,home,52.5402,61.5570,<55,60-<65,55|60
2026-02-26,Celta Vigo,PAOK,home,home,51.3222,60.2181,<55,60-<65,55|60
2026-02-26,Deportivo Mixco,Deportivo Mictlán,home,draw,59.7252,69.1603,55-<60,65-<80,60|65
2026-02-26,Ferencvaros,Ludogorets,home,home,46.8430,55.1790,<55,55-<60,55
2026-02-26,Fiorentina,Jagiellonia,home,away,52.1483,61.1277,<55,60-<65,55|60
2026-02-26,MC Alger,JS Kabylie,home,draw,48.4861,57.0480,<55,55-<60,55
2026-02-26,River Plate,CA Banfield,home,home,49.0510,57.6852,<55,55-<60,55
2026-02-26,Samsunspor,Shkendija 79,home,home,61.6239,71.0811,60-<65,65-<80,65
2026-02-27,Maccabi Petah Tikva,Hapoel Afula,home,away,64.0746,73.5031,60-<65,65-<80,65
2026-02-27,Monza,Virtus Entella,home,home,63.0908,72.5387,60-<65,65-<80,65
2026-02-27,Tampines Rovers,Hougang United,home,home,55.2193,64.4521,55-<60,60-<65,60
2026-02-28,Burnley,Brentford,away,away,54.1924,63.3506,<55,60-<65,55|60
2026-02-28,Hoffenheim,"St Pauli
",home,away,63.5148,72.9556,60-<65,65-<80,65
2026-02-28,Liverpool,West Ham,home,home,59.8174,69.2544,55-<60,65-<80,60|65
2026-03-01,Adana Demirspor,Pendikspor,away,away,72.3053,81.1435,65-<80,>=80,80
2026-03-01,Cremonese,Milan,away,away,60.7200,70.1715,60-<65,65-<80,65
2026-03-01,Grasshoppers,Lugano,away,home,46.6885,55.0021,<55,55-<60,55
2026-03-01,Levski Sofia,Lokomotiv Sofia,home,home,62.3924,71.8477,60-<65,65-<80,65
2026-03-01,Manchester United,Crystal Palace,home,home,53.8863,63.0203,<55,60-<65,55|60
2026-03-01,Midtjylland,Brøndby,home,draw,48.6948,57.2838,<55,55-<60,55
2026-03-01,Newell's Old Boys,Rosario Central,away,away,48.5991,57.1757,<55,55-<60,55
2026-03-01,Niger Tornadoes,Warri Wolves,home,draw,53.0605,62.1246,<55,60-<65,55|60
2026-03-01,Rangers,Celtic,away,draw,48.9658,57.5893,<55,55-<60,55
2026-03-02,AC Pisa,Bologna,away,away,54.8165,64.0213,<55,60-<65,55|60
2026-03-02,Belasitsa,CSKA II Sofia,away,away,49.3181,57.9854,<55,55-<60,55
2026-03-02,Ludogorets,Lokomotiv Plovdiv,home,draw,55.7859,65.0555,55-<60,65-<80,60|65
2026-03-03,Barcelona,Atlético Madrid,home,home,57.0193,66.3577,55-<60,65-<80,60|65
2026-03-03,Botev Plovdiv,Septemvri Sofia,home,home,46.6904,55.0043,<55,55-<60,55
2026-03-03,Everton,Burnley,home,home,57.0764,66.4176,55-<60,65-<80,60|65
2026-03-03,FK Jablonec,Slavia Praha,away,draw,48.4365,56.9919,<55,55-<60,55
2026-03-03,Gyori ETO FC,Kecskemeti TE,home,draw,58.1575,67.5458,55-<60,65-<80,60|65
2026-03-04,Aberdeen,Celtic,away,away,64.6392,74.0517,60-<65,65-<80,65
2026-03-04,Brighton,Arsenal,away,away,54.2516,63.4144,<55,60-<65,55|60
2026-03-04,CSKA-Sofia,Botev Vratsa,home,home,60.0429,69.4844,60-<65,65-<80,65
2026-03-04,Kifisia,PAOK,away,away,51.0008,59.8625,<55,55-<60,55
2026-03-04,Polokwane City,Orlando Pirates,away,away,47.4772,55.9032,<55,55-<60,55
2026-03-04,Ravenna,Pianese,home,draw,47.4271,55.8461,<55,55-<60,55
2026-03-04,Rivers United,El Kanemi Warriors,home,home,53.4797,62.5801,<55,60-<65,55|60
2026-03-04,Santos Laguna,Cruz Azul,away,away,60.7532,70.2050,60-<65,65-<80,65
2026-03-04,Zalaegerszegi TE,Soroksar,home,home,54.0347,63.1805,<55,60-<65,55|60
2026-03-05,Arsenal Tula,Lokomotiv Moscow,away,away,48.8405,57.4481,<55,55-<60,55
2026-03-05,Avia Świdnik,Rakow Czestochowa,away,draw,48.9622,57.5852,<55,55-<60,55
2026-03-05,Bangkok United,Tampines Rovers,home,home,61.0970,70.5520,60-<65,65-<80,65
2026-03-05,Dinamo Bucuresti,Metalul Buzau,home,home,57.2854,66.6366,55-<60,65-<80,60|65
2026-03-05,FC Basel,Grasshoppers,home,home,51.6581,60.5887,<55,60-<65,55|60
2026-03-05,Persik Kediri,PSBS Biak Numfor,home,home,52.1319,61.1097,<55,60-<65,55|60
2026-03-05,Posta Rangers,Gor Mahia,away,draw,61.0544,70.5090,60-<65,65-<80,65
2026-03-06,Adelaide United,Wellington Phoenix,home,draw,56.3446,65.6472,55-<60,65-<80,60|65
2026-03-06,Napoli,Torino,home,home,57.8219,67.1968,55-<60,65-<80,60|65
2026-03-06,Rapperswil,FC Vaduz,away,draw,50.1401,58.9055,<55,55-<60,55
2026-03-06,SV Elversberg,Magdeburg,home,home,48.0905,56.6001,<55,55-<60,55
2026-03-06,Schalke 04,Arminia Bielefeld,home,home,49.8721,58.6063,<55,55-<60,55
2026-03-06,Étoile Carouge,FC Aarau,away,away,54.9222,64.1346,<55,60-<65,55|60
2026-03-07,Atalanta,Udinese,home,draw,51.4661,60.3770,<55,60-<65,55|60
2026-03-07,Auxerre,Strasbourg,away,draw,46.9889,55.3460,<55,55-<60,55
2026-03-07,Burgos CF,Mirandés,home,home,51.3909,60.2940,<55,60-<65,55|60
2026-03-07,Dunav Ruse,Ludogorets II,home,home,61.4499,70.9067,60-<65,65-<80,65
2026-03-07,Heidenheim,Hoffenheim,away,away,62.6532,72.1063,60-<65,65-<80,65
2026-03-07,Köln,Borussia Dortmund,away,away,54.3824,63.5552,<55,60-<65,55|60
2026-03-07,Mansfield,Arsenal,away,away,74.9627,83.4407,65-<80,>=80,80
2026-03-07,Milton Keynes Dons,Harrogate Town,home,home,62.9384,72.3883,60-<65,65-<80,65
2026-03-07,Málaga CF,Real Valladolid,home,draw,52.2403,61.2286,<55,60-<65,55|60
2026-03-07,Newcastle United,Manchester City,away,away,51.6957,60.6301,<55,60-<65,55|60
2026-03-07,Wrexham FC,Chelsea,away,draw,55.7147,64.9799,55-<60,60-<65,60
2026-03-08,Alianza FC,Fuerte San Francisco,home,home,59.7638,69.1997,55-<60,65-<80,60|65
2026-03-08,Fenerbahçe,Samsunspor,home,home,57.1194,66.4627,55-<60,65-<80,60|65
2026-03-08,"Gaziantep
",Fatih Karagümrük,home,draw,50.4018,59.1972,<55,55-<60,55
2026-03-08,LASK Linz,Wolfsberger AC,home,home,48.5584,57.1297,<55,55-<60,55
2026-03-08,Levadiakos,Panathinaikos,away,away,46.9960,55.3540,<55,55-<60,55
2026-03-08,Lille,Lorient,home,draw,49.2919,57.9560,<55,55-<60,55
2026-03-08,Lyon,Paris FC,home,draw,54.0435,63.1901,<55,60-<65,55|60
2026-03-08,Villarreal,Elche,home,home,58.6556,68.0615,55-<60,65-<80,60|65
2026-03-09,Comunicaciones,Deportivo Achuapa,home,home,60.8361,70.2888,60-<65,65-<80,65
2026-03-10,Atalanta,Bayern Munich,away,away,64.7587,74.1674,60-<65,65-<80,65
2026-03-10,Atlético Madrid,Tottenham,home,home,54.5512,63.7366,<55,60-<65,55|60
2026-03-10,Cwmbran Celtic,Llantwit Major,away,away,56.6904,66.0119,55-<60,65-<80,60|65
2026-03-10,Eastbourne,Ebbsfleet Utd,away,away,57.3235,66.6766,55-<60,65-<80,60|65
2026-03-10,Galatasaray,Liverpool,away,home,58.4272,67.8253,55-<60,65-<80,60|65
2026-03-10,Lyon W,Le Havre W,home,home,78.2189,86.1370,65-<80,>=80,80
2026-03-10,Machida Zelvia,Gangwon FC,home,home,48.4560,57.0140,<55,55-<60,55
2026-03-10,Sheffield Wednesday,Watford,away,draw,63.1087,72.5563,60-<65,65-<80,65
2026-03-10,Woking,Boreham Wood,away,draw,48.6199,57.1992,<55,55-<60,55
2026-03-11,Bayer Leverkusen,Arsenal,away,draw,56.5541,65.8683,55-<60,65-<80,60|65
2026-03-11,Hatayspor,Sivasspor,away,away,59.7076,69.1423,55-<60,65-<80,60|65
2026-03-11,Keçiörengücü,Sakaryaspor,home,draw,49.2418,57.8997,<55,55-<60,55
2026-03-11,Middlesbrough,Charlton Athletic,home,away,64.2537,73.6775,60-<65,65-<80,65
2026-03-12,Cruz Azul W,Necaxa W,home,home,76.7169,84.9097,65-<80,>=80,80
2026-03-12,Nottingham Forest,Midtjylland,home,away,58.6007,68.0048,55-<60,65-<80,60|65
2026-03-13,Bohemians FC,Galway United,home,home,54.6490,63.8417,<55,60-<65,55|60
2026-03-13,Diosgyori VTK,Kazincbarcikai SC,home,away,49.9568,58.7009,<55,55-<60,55
2026-03-13,FC Rouen,Stade Briochin,home,home,63.0176,72.4665,60-<65,65-<80,65
2026-03-13,Mazatlán W,Monterrey W,away,away,61.9885,71.4456,60-<65,65-<80,65
2026-03-13,Modena FC,Spezia,home,home,47.3358,55.7420,<55,55-<60,55
2026-03-13,Nam Dinh FC,Thanh Hoa FC,home,home,50.6394,59.4615,<55,55-<60,55
2026-03-13,Pachuca W,Tijuana W,home,home,63.3919,72.8349,60-<65,65-<80,65
2026-03-13,Paradou AC,MC Alger,away,away,54.1890,63.3470,<55,60-<65,55|60
2026-03-14,Arsenal,Everton,home,home,54.8567,64.0643,<55,60-<65,55|60
2026-03-14,Atlético Madrid,Getafe,home,home,50.5922,59.4091,<55,55-<60,55
2026-03-14,Bayer Leverkusen,Bayern Munich,away,draw,53.4846,62.5855,<55,60-<65,55|60
2026-03-14,Borussia Dortmund,Augsburg,home,home,58.0608,67.4454,55-<60,65-<80,60|65
2026-03-14,CD Marathón,Lobos UPNFM,home,home,56.4365,65.7442,55-<60,65-<80,60|65
2026-03-14,Chelsea,Newcastle United,home,away,48.4682,57.0277,<55,55-<60,55
2026-03-14,FC Thun,Grasshoppers,home,home,62.0699,71.5267,60-<65,65-<80,65
2026-03-14,Inter,Atalanta,home,draw,54.2765,63.4412,<55,60-<65,55|60
2026-03-14,Jagiellonia,Piast Gliwice,home,away,54.1839,63.3415,<55,60-<65,55|60
2026-03-14,Stratford Town,Royston Town,home,home,48.4333,56.9883,<55,55-<60,55
2026-03-14,Udinese,Juventus,away,away,56.8959,66.2281,55-<60,65-<80,60|65
2026-03-15,Genclerbirligi,Besiktas,away,away,55.5320,64.7854,55-<60,60-<65,60
2026-03-15,Köln W,Bayern Munich W,away,away,75.1738,83.6194,65-<80,>=80,80
2026-03-15,Lazio,Milan,away,home,48.6325,57.2134,<55,55-<60,55
2026-03-15,Le Havre,Lyon,away,draw,54.5566,63.7424,<55,60-<65,55|60
2026-03-15,Liverpool,Tottenham,home,draw,63.9077,73.3402,60-<65,65-<80,65
2026-03-15,Manchester United,Aston Villa,home,home,48.6839,57.2714,<55,55-<60,55
2026-03-15,Porto,Moreirense FC,home,home,63.3697,72.8132,60-<65,65-<80,65
2026-03-15,River Plate,Sarmiento Junín,home,home,53.8963,63.0311,<55,60-<65,55|60
2026-03-15,Sparta Praha,Slovacko,home,home,61.7817,71.2390,60-<65,65-<80,65
2026-03-16,Club América,Mazatlan FC,home,home,55.2507,64.4857,55-<60,60-<65,60
2026-03-16,Dundalk FC,Sligo Rovers,home,home,54.9433,64.1571,<55,60-<65,55|60
2026-03-16,Karaman Belediyespor,Batman Petrolspor,away,away,77.0365,85.1733,65-<80,>=80,80
2026-03-16,Rayo Vallecano,Levante,home,draw,47.2690,55.6658,<55,55-<60,55
2026-03-16,Sanlıurfaspor,Altınordu SK,home,draw,61.0393,70.4938,60-<65,65-<80,65
2026-03-17,América W,Toluca W,home,home,54.1319,63.2854,<55,60-<65,55|60
2026-03-17,Atlas W,Monterrey W,away,away,48.9060,57.5219,<55,55-<60,55
2026-03-17,Fenerbahçe,"Gaziantep
",home,home,57.3251,66.6782,55-<60,65-<80,60|65
2026-03-17,León W,Mazatlán W,home,away,59.6910,69.1254,55-<60,65-<80,60|65
2026-03-18,Barcelona,Newcastle United,home,home,62.0395,71.4964,60-<65,65-<80,65
2026-03-18,Bayern Munich,Atalanta,home,home,63.2227,72.6686,60-<65,65-<80,65
2026-03-18,Eyüpspor,Trabzonspor,away,away,61.4454,70.9022,60-<65,65-<80,65
2026-03-18,Karmiotissa,Ayia Napa,home,home,63.4481,72.8902,60-<65,65-<80,65
2026-03-18,Milton Keynes Dons,Colchester Utd,home,home,48.9867,57.6127,<55,55-<60,55
2026-03-18,Rayo Zuliano,Deportivo Tachira,away,draw,58.4740,67.8737,55-<60,65-<80,60|65
2026-03-18,Sporting Braga,Ferencvaros,home,home,49.3729,58.0470,<55,55-<60,55
2026-03-19,Aston Villa,Lille,home,home,51.2511,60.1395,<55,60-<65,55|60
2026-03-19,Besiktas,Kasımpasa SK,home,home,60.4243,69.8720,60-<65,65-<80,65
2026-03-19,Rayo Vallecano,Samsunspor,home,away,52.7676,61.8054,<55,60-<65,55|60
2026-03-19,Real Betis,Panathinaikos,home,home,58.8371,68.2488,55-<60,65-<80,60|65
2026-03-19,Spartak Varna,Ludogorets,away,away,71.2203,80.1813,65-<80,>=80,80
2026-03-20,Amiens,Le Mans FC,away,away,52.5831,61.6039,<55,60-<65,55|60
2026-03-20,Cagliari,Napoli,away,away,54.4897,63.6706,<55,60-<65,55|60
2026-03-20,SGS Essen W,Bayern Munich W,away,away,78.5001,86.3636,65-<80,>=80,80
2026-03-20,Shamrock Rovers,Galway United,home,home,59.4478,68.8765,55-<60,65-<80,60|65
2026-03-21,Borussia Dortmund,Hamburger SV,home,home,64.3590,73.7799,60-<65,65-<80,65
2026-03-21,Fulham,Burnley,home,home,58.0680,67.4528,55-<60,65-<80,60|65
2026-03-21,Jagiellonia,Wisla Plock,home,away,49.5636,58.2609,<55,55-<60,55
2026-03-21,Levski Sofia,Cherno More Varna,home,home,51.2414,60.1287,<55,60-<65,55|60
2026-03-21,Marko,Kalamata,away,draw,48.2024,56.7270,<55,55-<60,55
2026-03-21,Oldham Athletic,Harrogate Town,home,home,52.4663,61.4762,<55,60-<65,55|60
2026-03-21,Panargiakos,Ilioupoli,away,draw,49.3730,58.0471,<55,55-<60,55
2026-03-21,Zürich,FC Thun,away,home,56.3641,65.6679,55-<60,65-<80,60|65
2026-03-22,Aston Villa,West Ham,home,home,53.3759,62.4675,<55,60-<65,55|60
2026-03-22,Barcelona,Rayo Vallecano,home,home,72.0458,80.9147,65-<80,>=80,80
2026-03-22,Celta Vigo,Deportivo Alavés,home,away,51.3249,60.2211,<55,60-<65,55|60
2026-03-22,Deportivo Tachira,Estudiantes FC,home,home,49.5063,58.1966,<55,55-<60,55
2026-03-22,FC Winterthur,FC Basel,away,away,60.4545,69.9026,60-<65,65-<80,65
2026-03-23,Abia Warriors,Niger Tornadoes,home,home,47.2689,55.6657,<55,55-<60,55
2026-03-23,Estudiantes La Plata,Central Córdoba SdE,home,home,53.1129,62.1816,<55,60-<65,55|60
2026-03-23,Juticalpa,CD Olimpia,away,away,59.8422,69.2797,55-<60,65-<80,60|65
2026-03-23,Salernitana,Team Altamura,home,home,57.3301,66.6834,55-<60,65-<80,60|65
2026-03-24,Aldershot Town,Boreham Wood,away,away,48.6184,57.1974,<55,55-<60,55
2026-03-24,Antigua GFC,CD Marquense,home,home,59.9927,69.4332,55-<60,65-<80,60|65
2026-03-25,Atlético Tucumán,Sportivo Barracas,home,home,50.5763,59.3914,<55,55-<60,55
2026-03-25,Batman Petrolspor,Sanlıurfaspor,home,home,47.8120,56.2840,<55,55-<60,55
2026-03-26,Afghanistan,Myanmar,away,away,48.6725,57.2586,<55,55-<60,55
2026-03-26,Slovakia,Kosovo,home,away,51.3997,60.3037,<55,60-<65,55|60
2026-03-27,Cyprus U21,Spain U21,away,away,78.6572,86.4898,65-<80,>=80,80
2026-03-27,Córdoba,Mirandés,home,draw,50.7558,59.5908,<55,55-<60,55
2026-03-27,FC Helsingor,Vendsyssel FF,away,away,51.8553,60.8058,<55,60-<65,55|60
2026-03-27,Gibraltar U21,Bulgaria U21,away,away,73.9959,82.6149,65-<80,>=80,80
2026-03-27,Glenorchy Knights,South Hobart,away,away,57.4128,66.7700,55-<60,65-<80,60|65
2026-03-27,Olimpia Grudziadz,ŁKS Łódź II,home,home,59.4909,68.9206,55-<60,65-<80,60|65
2026-03-27,Poland U21,Armenia U21,home,home,75.9100,84.2387,65-<80,>=80,80
2026-03-28,Atlas W,Necaxa W,home,home,57.5513,66.9147,55-<60,65-<80,60|65
2026-03-28,Harrogate Town,Notts County,away,away,54.0086,63.1524,<55,60-<65,55|60
2026-03-28,Truro City,Boreham Wood,away,draw,63.5215,72.9622,60-<65,65-<80,65
2026-03-29,CD Basconia,CD Alfaro,home,home,50.9846,59.8445,<55,55-<60,55
2026-03-29,Chelsea W,Aston Villa W,home,home,63.3205,72.7648,60-<65,65-<80,65
2026-03-29,Gimnasia y Tiro,Central Norte Salta,home,away,50.5881,59.4046,<55,55-<60,55
2026-03-29,Real Madrid W,Barcelona W,away,away,56.9019,66.2344,55-<60,65-<80,60|65
2026-03-29,Ulverstone,Riverside Olympic,away,away,50.7645,59.6005,<55,55-<60,55
2026-03-30,France U21,Iceland U21,home,home,57.8256,67.2007,55-<60,65-<80,60|65
2026-03-31,AFC Fylde,Marine,home,home,64.9130,74.3165,60-<65,65-<80,65
2026-03-31,Bulgaria U21,Azerbaijan U21,home,draw,52.0706,61.0424,<55,60-<65,55|60
2026-03-31,Deportivo La Coruña,Córdoba,home,home,49.6420,58.3488,<55,55-<60,55
2026-03-31,England U21,Moldova U21,home,home,75.7288,84.0869,65-<80,>=80,80
2026-03-31,Georgia U21,Malta U21,home,home,62.3717,71.8271,60-<65,65-<80,65
2026-03-31,Latvia,Gibraltar,home,home,71.7017,80.6100,65-<80,>=80,80
2026-03-31,Portugal U21,Scotland U21,home,home,60.5296,69.9788,60-<65,65-<80,65
2026-03-31,Romania U21,San Marino U21,home,home,75.7300,84.0879,65-<80,>=80,80
2026-03-31,Sweden U21,Italy U21,away,away,55.1030,64.3280,55-<60,60-<65,60
2026-04-01,CD Águila,Fuerte San Francisco,home,draw,54.6769,63.8716,<55,60-<65,55|60
2026-04-01,Cobán Imperial,Aurora,home,draw,61.1657,70.6211,60-<65,65-<80,65
2026-04-01,Hertha Zehlendorf,Carl Zeiss Jena,away,away,58.4243,67.8224,55-<60,65-<80,60|65
2026-04-01,MC Alger,USM Alger,home,home,51.0231,59.8872,<55,55-<60,55
2026-04-01,Racing Santander,Sporting Gijón,home,home,49.8553,58.5874,<55,55-<60,55
2026-04-02,América W,Atlas W,home,home,75.5608,83.9458,65-<80,>=80,80
2026-04-02,Cleethorpes Town,Stocksbridge PS,home,home,49.3961,58.0731,<55,55-<60,55
2026-04-02,FAR Rabat,Olympique Dcheira,home,home,58.3553,67.7509,55-<60,65-<80,60|65
2026-04-02,Real Acerrana,Sarnese,away,away,53.8063,62.9338,<55,60-<65,55|60
2026-04-02,San Luigi,Legnago Salus,away,draw,52.9847,62.0421,<55,60-<65,55|60
2026-04-03,Finn Harps,Cork City,away,draw,58.6201,68.0248,55-<60,65-<80,60|65
2026-04-03,Gimnasia Mendoza,Vélez Sársfield,away,home,47.0362,55.4000,<55,55-<60,55
2026-04-03,Palmeiras,Grêmio,home,home,55.7839,65.0534,55-<60,65-<80,60|65
2026-04-03,Pendikspor,Hatayspor,home,home,75.7120,84.0728,65-<80,>=80,80
2026-04-03,Stoke City,Sheffield Wednesday,home,home,56.9613,66.2969,55-<60,65-<80,60|65
2026-04-03,Woking,Eastleigh,home,draw,55.1683,64.3977,55-<60,60-<65,60
2026-04-04,Arda Kardzhali,Montana,home,home,60.8316,70.2843,60-<65,65-<80,65
2026-04-04,Beitar Jerusalem,Ironi Tiberias,home,home,57.3941,66.7504,55-<60,65-<80,60|65
2026-04-04,Borussia M'gladbach,Heidenheim,home,draw,51.3824,60.2845,<55,60-<65,55|60
2026-04-04,Chelsea,Port Vale,home,home,74.0778,82.6852,65-<80,>=80,80
2026-04-04,Club Necaxa,Mazatlan FC,home,home,50.4630,59.2654,<55,55-<60,55
2026-04-04,Escorpiones Belén,Aserrí,home,home,57.6918,67.0612,55-<60,65-<80,60|65
2026-04-04,Freiburg,Bayern Munich,away,away,60.0080,69.4488,60-<65,65-<80,65
2026-04-04,Hansa Rostock,Viktoria Köln,home,away,47.1416,55.5204,<55,55-<60,55
2026-04-04,Moreirense FC,Sporting Braga,away,away,56.7968,66.1239,55-<60,65-<80,60|65
2026-04-04,Porto,FC Famalicão,home,draw,54.0971,63.2478,<55,60-<65,55|60
2026-04-04,Real Mallorca,Real Madrid,away,home,61.2435,70.6993,60-<65,65-<80,65
2026-04-04,Real Sociedad,Levante,home,home,57.0025,66.3401,55-<60,65-<80,60|65
2026-04-04,Slask Wroclaw,Pogoń Siedlce,home,home,54.3732,63.5454,<55,60-<65,55|60
2026-04-04,Southampton,Arsenal,away,home,60.7940,70.2462,60-<65,65-<80,65
2026-04-05,Angers,Lyon,away,draw,47.9809,56.4758,<55,55-<60,55
2026-04-05,Cremonese,Bologna,away,away,49.3311,58.0000,<55,55-<60,55
2026-04-05,Dundee,Celtic,away,away,59.5697,69.0013,55-<60,65-<80,60|65
2026-04-05,Eibar,AD Ceuta,home,home,47.8102,56.2819,<55,55-<60,55
2026-04-05,Farul Constanta,Unirea Slobozia,home,away,49.3016,57.9669,<55,55-<60,55
2026-04-05,Flamengo,Santos,home,home,53.4618,62.5607,<55,60-<65,55|60
2026-04-05,Getafe B,Colonia Moscardó,home,away,60.6685,70.1193,60-<65,65-<80,65
2026-04-05,Las Palmas,Huesca,home,home,58.7792,68.1891,55-<60,65-<80,60|65
2026-04-05,Ludogorets,CSKA 1948,home,home,55.1919,64.4229,55-<60,60-<65,60
2026-04-05,Nasarawa Utd,Kun Khalifa,home,away,62.6151,72.0686,60-<65,65-<80,65
2026-04-05,Olancho,Atlético Choloma,home,home,51.0185,59.8821,<55,55-<60,55
2026-04-05,PAOK,Panathinaikos,home,draw,48.8332,57.4399,<55,55-<60,55
2026-04-05,Querétaro W,América W,away,away,73.8500,82.4892,65-<80,>=80,80
2026-04-05,Schalke 04,Karlsruher SC,home,home,55.9509,65.2305,55-<60,65-<80,60|65
2026-04-05,Suwon Bluewings,Cheongju FC,home,draw,54.0838,63.2335,<55,60-<65,55|60
2026-04-06,AFC Fylde,Radcliffe Borough,home,home,59.5492,68.9803,55-<60,65-<80,60|65
2026-04-06,Bali United Pusam,PSBS Biak Numfor,home,home,59.8374,69.2748,55-<60,65-<80,60|65
2026-04-06,Cheltenham,Cambridge Utd,away,draw,57.2040,66.5514,55-<60,65-<80,60|65
2026-04-06,Farnham Town,Bracknell Town,home,away,49.9321,58.6733,<55,55-<60,55
2026-04-06,Juventus,Genoa,home,home,62.4352,71.8901,60-<65,65-<80,65
2026-04-06,Kristiansund BK,Bodo/Glimt,away,away,55.7565,65.0242,55-<60,65-<80,60|65
2026-04-06,Lecce,Atalanta,away,away,52.7416,61.7770,<55,60-<65,55|60
2026-04-06,Notts County,Newport County,home,home,63.3107,72.7551,60-<65,65-<80,65
2026-04-06,St Gallen,Zürich,home,home,62.4196,71.8747,60-<65,65-<80,65
2026-04-06,Tromso,Rosenborg BK,home,home,55.7302,64.9963,55-<60,60-<65,60
2026-04-07,Bromley FC,Shrewsbury,home,home,57.1216,66.4651,55-<60,65-<80,60|65
2026-04-07,Deportivo Guastatoya,Deportivo Achuapa,home,home,50.4504,59.2514,<55,55-<60,55
2026-04-07,FC Aarau,Étoile Carouge,home,away,57.2832,66.6343,55-<60,65-<80,60|65
2026-04-07,Hapoel Raanana,Maccabi Petah Tikva,away,away,61.0795,70.5343,60-<65,65-<80,65
2026-04-07,Orlando Pirates,Golden Arrows,home,home,62.1797,71.6361,60-<65,65-<80,65
2026-04-07,Real España,Juticalpa,home,draw,71.2731,80.2285,65-<80,>=80,80
2026-04-08,Barcelona,Atlético Madrid,home,away,53.5713,62.6794,<55,60-<65,55|60
2026-04-09,Fratria,Lokomotiv Gorna O.,home,home,54.6968,63.8930,<55,60-<65,55|60
2026-04-09,Hapoel Beer Sheva,Bnei Yehuda,home,draw,59.9052,69.3441,55-<60,65-<80,60|65
2026-04-09,Juticalpa,Olancho,away,away,52.9389,61.9921,<55,60-<65,55|60
2026-04-09,Levski Sofia,Arda Kardzhali,home,home,53.1096,62.1780,<55,60-<65,55|60
2026-04-09,Ludogorets,Cherno More Varna,home,draw,58.1286,67.5158,55-<60,65-<80,60|65
2026-04-10,Besiktas,Antalyaspor,home,home,64.0503,73.4794,60-<65,65-<80,65
2026-04-10,CSKA 1948,Botev Vratsa,home,home,49.3011,57.9664,<55,55-<60,55
2026-04-10,FC Famalicão,Moreirense FC,home,draw,51.9261,60.8836,<55,60-<65,55|60
2026-04-10,Launceston United,Launceston City,away,away,79.4476,87.1197,65-<80,>=80,80
2026-04-10,Paris FC,Monaco,away,home,47.9765,56.4708,<55,55-<60,55
2026-04-10,Real Madrid,Girona,home,draw,63.8422,73.2763,60-<65,65-<80,65
2026-04-10,Slavia Sofia,Septemvri Sofia,home,away,51.3761,60.2776,<55,60-<65,55|60
2026-04-10,Vikingur Reykjavik,Breidablik,home,draw,51.2955,60.1886,<55,60-<65,55|60
2026-04-11,Arsenal,Bournemouth,home,away,58.2244,67.6152,55-<60,65-<80,60|65
2026-04-11,Belgrano Córdoba,CA Aldosivi,home,home,55.6358,64.8959,55-<60,60-<65,60
2026-04-11,Burnley,Brighton,away,away,51.6169,60.5433,<55,60-<65,55|60
2026-04-11,Comunicaciones,Aurora,home,home,54.6555,63.8486,<55,60-<65,55|60
2026-04-11,Kayserispor,Fenerbahçe,away,away,72.2913,81.1312,65-<80,>=80,80
2026-04-11,Liverpool,Fulham,home,home,46.7350,55.0554,<55,55-<60,55
2026-04-11,Milan,Udinese,home,away,57.5260,66.8882,55-<60,65-<80,60|65
2026-04-11,Needham Market,Barwell FC,home,home,59.4230,68.8510,55-<60,65-<80,60|65
2026-04-11,Portland Timbers,Los Angeles FC,away,home,55.6019,64.8599,55-<60,60-<65,60
2026-04-11,Real Sociedad,Deportivo Alavés,home,draw,52.5594,61.5780,<55,60-<65,55|60
2026-04-11,Rennes,Angers,home,home,60.6730,70.1239,60-<65,65-<80,65
2026-04-11,Rochdale,Wealdstone,home,home,64.1593,73.5857,60-<65,65-<80,65
2026-04-12,Bologna,Lecce,home,home,54.0827,63.2323,<55,60-<65,55|60
2026-04-12,Brisbane Roar U21,Peninsula Power,away,home,59.7944,69.2310,55-<60,65-<80,60|65
2026-04-12,Buriram United,Ayutthaya United,home,home,63.8551,73.2889,60-<65,65-<80,65
2026-04-12,Celta Vigo,Real Oviedo,home,away,55.0053,64.2235,55-<60,60-<65,60
2026-04-12,Dunajska Streda,Zemplin Michalovce,home,home,55.4351,64.6823,55-<60,60-<65,60
2026-04-12,Falkirk FC,Rangers,away,away,51.3821,60.2843,<55,60-<65,55|60
2026-04-12,Marítimo,Portimonense SC,home,home,61.0696,70.5244,60-<65,65-<80,65
2026-04-12,Paderborn,Magdeburg,home,home,49.4477,58.1309,<55,55-<60,55
2026-04-12,Parma,Napoli,away,draw,61.7283,71.1856,60-<65,65-<80,65
2026-04-12,The Strongest,CD San Antonio (BOL),home,home,61.6296,71.0869,60-<65,65-<80,65
2026-04-12,Vigor Lamezia,FC Savoia,away,away,50.1469,58.9132,<55,55-<60,55
2026-04-13,CD Tondela,Gil Vicente,away,draw,46.9213,55.2686,<55,55-<60,55
2026-04-13,Eyüpspor,Samsunspor,away,away,49.6083,58.3110,<55,55-<60,55
2026-04-13,Rizespor,"Gaziantep
",home,home,51.6653,60.5967,<55,60-<65,55|60
2026-04-13,Torino U19,Cremonese U19,home,home,47.7474,56.2106,<55,55-<60,55
2026-04-14,Atlético Madrid,Barcelona,away,away,47.6349,56.0826,<55,55-<60,55
2026-04-14,Ituzaingó,Arsenal Sarandi,away,draw,57.7732,67.1461,55-<60,65-<80,60|65
2026-04-14,Peterhead FC,Inverness CT,away,away,53.5013,62.6035,<55,60-<65,55|60
2026-04-14,Southampton,Blackburn Rovers,home,home,55.5029,64.7545,55-<60,60-<65,60
2026-04-14,Vélez Sársfield,Central Córdoba SdE,home,home,59.3194,68.7448,55-<60,65-<80,60|65
2026-04-14,Wigan Athletic,Rotherham,home,home,49.6377,58.3439,<55,55-<60,55
2026-04-15,Boca Juniors,Barcelona SC,home,home,55.3024,64.5408,55-<60,60-<65,60
2026-04-15,Ceará SC,Jacuipense BA,home,home,55.8543,65.1281,55-<60,65-<80,60|65
2026-04-15,Colorado Rapids,Union Omaha,home,home,61.4940,70.9509,60-<65,65-<80,65
2026-04-17,Belasitsa,Etar Veliko Tarnovo,away,away,48.3042,56.8422,<55,55-<60,55
2026-04-17,Cienciano,Puerto Cabello,home,home,52.7175,61.7507,<55,60-<65,55|60
2026-04-17,Drogheda Utd,St Patricks Dublin,away,away,49.5050,58.1952,<55,55-<60,55
2026-04-17,Dunav Ruse,Marek,home,draw,59.2788,68.7032,55-<60,65-<80,60|65
2026-04-17,Fenerbahçe,Rizespor,home,draw,63.7005,73.1376,60-<65,65-<80,65
2026-04-17,Inter,Cagliari,home,home,72.1639,81.0189,65-<80,>=80,80
2026-04-17,Lens,Toulouse,home,home,60.1510,69.5943,60-<65,65-<80,65
2026-04-17,Rodez,Amiens,home,home,52.8006,61.8414,<55,60-<65,55|60
2026-04-17,SV Elversberg,Karlsruher SC,home,home,52.9227,61.9745,<55,60-<65,55|60
2026-04-18,Barry Town,The New Saints,away,away,53.9983,63.1412,<55,60-<65,55|60
2026-04-18,Braintree Town,Rochdale,away,away,71.4769,80.4102,65-<80,>=80,80
2026-04-18,Ingolstadt,VfL Osnabruck,away,away,50.3020,59.0861,<55,55-<60,55
2026-04-18,Lille,Nice,home,draw,58.1260,67.5131,55-<60,65-<80,60|65
2026-04-18,Napoli,Lazio,home,away,49.4407,58.1231,<55,55-<60,55
2026-04-18,Sparta Praha,FK Jablonec,home,home,49.2318,57.8885,<55,55-<60,55
2026-04-18,Sydney FC,Perth Glory,home,draw,55.2355,64.4694,55-<60,60-<65,60
2026-04-19,Dender,Cercle Brugge,away,away,54.8786,64.0879,<55,60-<65,55|60
2026-04-19,Estudiantes FC,Monagas SC,home,home,48.9485,57.5697,<55,55-<60,55
2026-04-19,Monaco,Auxerre,home,draw,56.1095,65.3986,55-<60,65-<80,60|65
2026-04-20,Antigua GFC,Malacateco,home,home,56.5637,65.8784,55-<60,65-<80,60|65
2026-04-20,Deportivo La Coruña,Mirandés,home,home,62.0152,71.4722,60-<65,65-<80,65
2026-04-20,Farul Constanta,FCSB,away,away,52.1748,61.1567,<55,60-<65,55|60
2026-04-20,Miedz Legnica,Gornik Leczna,home,away,55.7053,64.9698,55-<60,60-<65,60
2026-04-20,Shirak FC,Ararat-Armenia,away,away,63.7173,73.1540,60-<65,65-<80,65
2026-04-21,Atlético Nacional,Atlético Bucaramanga,home,home,51.1782,60.0589,<55,60-<65,55|60
2026-04-21,Botafogo,Chapecoense SC,home,home,53.6241,62.7366,<55,60-<65,55|60
2026-04-21,Chennaiyin,Mohammedan SC,home,draw,52.9064,61.9568,<55,60-<65,55|60
2026-04-21,Konyaspor,Fenerbahçe,away,draw,53.1073,62.1756,<55,60-<65,55|60
2026-04-21,Lens,Toulouse,home,home,59.0018,68.4184,55-<60,65-<80,60|65
2026-04-21,Ludogorets,CSKA-Sofia,home,away,47.8383,56.3139,<55,55-<60,55
2026-04-21,Real Madrid,Deportivo Alavés,home,home,71.3538,80.3005,65-<80,>=80,80
2026-04-21,Southampton,Bristol City,home,draw,54.4234,63.5993,<55,60-<65,55|60
2026-04-21,Stockport County,Mansfield,home,away,51.8864,60.8399,<55,60-<65,55|60
2026-04-22,Barcelona,Celta Vigo,home,home,61.2092,70.6649,60-<65,65-<80,65
2026-04-22,Bayer Leverkusen,Bayern Munich,away,away,55.0531,64.2746,55-<60,60-<65,60
2026-04-22,Burnley,Manchester City,away,away,76.2647,84.5346,65-<80,>=80,80
2026-04-22,CF Monterrey,Puebla FC,home,home,47.7249,56.1850,<55,55-<60,55
2026-04-22,Espanyol W,Barcelona W,away,away,78.5358,86.3923,65-<80,>=80,80
2026-04-22,Ferencvaros,Gyori ETO FC,home,draw,54.6643,63.8580,<55,60-<65,55|60
2026-04-22,Flora Tallinn,Trans Narva,home,home,71.3347,80.2834,65-<80,>=80,80
2026-04-22,Middlesbrough,Sheffield Wednesday,home,home,73.0772,81.8196,65-<80,>=80,80
2026-04-22,Pohang Steelers,Gwangju FC,home,home,51.8932,60.8475,<55,60-<65,55|60
2026-04-23,Besiktas,Alanyaspor,home,home,54.4707,63.6502,<55,60-<65,55|60
2026-04-23,Casa Pia AC,Sporting Braga,away,away,60.9334,70.3870,60-<65,65-<80,65
2026-04-23,Los Angeles FC,Colorado Rapids,home,draw,56.7097,66.0322,55-<60,65-<80,60|65
2026-04-23,San Jose Earthquakes,Austin FC,home,home,54.9973,64.2149,<55,60-<65,55|60
2026-04-23,Saprissa,Guadalupe FC,home,home,72.7151,81.5034,65-<80,>=80,80
2026-04-23,Sonderjyske,Midtjylland,away,away,58.8372,68.2489,55-<60,65-<80,60|65
2026-04-23,Wieczysta Kraków,Polonia Bytom,home,home,46.7387,55.0596,<55,55-<60,55
2026-04-24,Amiens,Montpellier,away,away,53.5380,62.6433,<55,60-<65,55|60
2026-04-24,Cercle Brugge,Dender,home,home,55.1185,64.3444,55-<60,60-<65,60
2026-04-24,FC Tokyo,Mito HollyHock,home,home,48.5341,57.1023,<55,55-<60,55
2026-04-24,Leicester City,Millwall,away,draw,57.6825,67.0516,55-<60,65-<80,60|65
2026-04-24,RB Leipzig,Union Berlin,home,home,56.6154,65.9329,55-<60,65-<80,60|65
2026-04-25,Arsenal,Newcastle United,home,home,64.2386,73.6628,60-<65,65-<80,65
2026-04-25,Bahia,Santos,home,draw,50.7048,59.5341,<55,55-<60,55
2026-04-25,Barnet,Gillingham,home,home,54.3625,63.5338,<55,60-<65,55|60
2026-04-25,Bayern Munich W,Barcelona W,away,draw,58.4322,67.8306,55-<60,65-<80,60|65
2026-04-25,Celtic,Falkirk FC,home,home,72.7694,81.5509,65-<80,>=80,80
2026-04-25,Getafe,Barcelona,away,away,60.3562,69.8029,60-<65,65-<80,65
2026-04-25,Jamshedpur,Chennaiyin,home,home,51.3358,60.2331,<55,60-<65,55|60
2026-04-25,Liverpool,Crystal Palace,home,home,50.2440,59.0215,<55,55-<60,55
2026-04-25,Ludogorets,CSKA 1948,home,away,55.0237,64.2431,55-<60,60-<65,60
2026-04-25,Lyon,Auxerre,home,home,58.2160,67.6065,55-<60,65-<80,60|65
2026-04-25,Marconi Stallions,Manly United,home,home,54.7136,63.9110,<55,60-<65,55|60
2026-04-25,Middlesbrough,Watford,home,home,56.9012,66.2336,55-<60,65-<80,60|65
2026-04-25,Queen of the South,Montrose FC,home,draw,49.6126,58.3158,<55,55-<60,55
2026-04-26,Atlético Grau,Alianza Lima,away,away,59.5443,68.9753,55-<60,65-<80,60|65
2026-04-26,Fratria,CSKA II Sofia,home,draw,47.4030,55.8186,<55,55-<60,55
2026-04-26,Rangers,Motherwell,home,away,50.3583,59.1489,<55,55-<60,55
2026-04-26,Rennes,Nantes,home,home,60.2246,69.6692,60-<65,65-<80,65
2026-04-26,Seattle Sounders,FC Dallas,home,home,47.3409,55.7479,<55,55-<60,55
2026-04-26,Servette,FC Winterthur,home,home,59.1184,68.5384,55-<60,65-<80,60|65
2026-04-26,Sydney United,Wollongong FC,home,away,49.1560,57.8033,<55,55-<60,55
2026-04-26,Tromso,Sandefjord,home,home,54.0133,63.1574,<55,60-<65,55|60
2026-04-27,Budapest Honved,Soroksar,home,draw,58.1901,67.5796,55-<60,65-<80,60|65
2026-04-27,Cagliari,Atalanta,away,home,50.5076,59.3150,<55,55-<60,55
2026-04-27,Gil Vicente,Casa Pia AC,home,home,52.3428,61.3409,<55,60-<65,55|60
2026-04-27,KR Reykjavik,FH Hafnarfjordur,home,home,54.2748,63.4394,<55,60-<65,55|60
2026-04-27,Stjarnan FC,Valur Reykjavik,home,away,50.5521,59.3645,<55,55-<60,55
2026-04-27,Vikingur Reykjavik,IA Akranes,home,home,52.9500,62.0042,<55,60-<65,55|60
2026-04-28,Beitar Jerusalem,Hapoel Petah Tikva,home,home,61.2186,70.6743,60-<65,65-<80,65
2026-04-28,East Bengal,Odisha,home,home,62.7808,72.2326,60-<65,65-<80,65
2026-04-28,Eskisehirspor,Balikesirspor,home,home,55.3179,64.5574,55-<60,60-<65,60
2026-04-28,MC Alger,Olympique Akbou,home,home,47.0009,55.3597,<55,55-<60,55
2026-04-29,Tromso,Brann,home,away,50.0940,58.8541,<55,55-<60,55
2026-04-30,Gzira United,Floriana FC,away,away,49.2352,57.8923,<55,55-<60,55
2026-04-30,Neftchi Baku,Qarabag,away,home,50.1192,58.8823,<55,55-<60,55
2026-05-01,CD Marathón,Atlético Choloma,home,away,49.3896,58.0658,<55,55-<60,55
2026-05-01,Corinthians,Peñarol,home,home,58.2888,67.6819,55-<60,65-<80,60|65
2026-05-01,Deportivo La Coruña,Leganes,home,home,54.5205,63.7036,<55,60-<65,55|60
2026-05-01,Galway United,St Patricks Dublin,away,draw,50.7475,59.5816,<55,55-<60,55
2026-05-01,Girona,Real Mallorca,home,away,47.6831,56.1376,<55,55-<60,55
2026-05-01,Green Gully SC,Oakleigh Cannons,away,away,49.2663,57.9273,<55,55-<60,55
2026-05-01,Istanbulspor AS,Adana Demirspor,home,home,72.9678,81.7242,65-<80,>=80,80
2026-05-01,Mantova FC,Monza,away,home,51.7683,60.7101,<55,60-<65,55|60
2026-05-01,Municipal Limeño,Cacahuatique,home,away,47.5949,56.0372,<55,55-<60,55
2026-05-01,Real Unión,CD Alfaro,home,home,72.2385,81.0848,65-<80,>=80,80
2026-05-01,Septemvri Sofia,Montana,home,draw,50.8775,59.7259,<55,55-<60,55
2026-05-01,Shamrock Rovers,Waterford United,home,home,73.2643,81.9824,65-<80,>=80,80
2026-05-01,Sportivo Trinidense,2 de Mayo,home,away,50.1840,58.9546,<55,55-<60,55
2026-05-01,Würzburger Kickers,Wacker Burghausen,home,home,57.5909,66.9560,55-<60,65-<80,60|65
2026-05-02,Amiens,Red Star,away,away,57.8701,67.2471,55-<60,65-<80,60|65
2026-05-02,Arsenal,Fulham,home,home,59.4756,68.9050,55-<60,65-<80,60|65
2026-05-02,Atalanta,Genoa,home,draw,48.3715,56.9184,<55,55-<60,55
2026-05-02,Aurora FC,CD Guabirá,home,home,57.6863,67.0556,55-<60,65-<80,60|65
2026-05-02,Bayern Munich,Heidenheim,home,draw,78.9128,86.6943,65-<80,>=80,80
2026-05-02,CD Castellon,Córdoba,home,away,54.9614,64.1765,<55,60-<65,55|60
2026-05-02,Dunav Ruse,FC Sevlievo,home,home,64.4007,73.8204,60-<65,65-<80,65
2026-05-02,Eintracht Frankfurt,Hamburger SV,home,away,49.2691,57.9304,<55,55-<60,55
2026-05-02,Fleetwood Town,Milton Keynes Dons,away,draw,56.0264,65.3105,55-<60,65-<80,60|65
2026-05-02,Nice,Lens,away,draw,51.2250,60.1107,<55,60-<65,55|60
2026-05-02,Notts County,Bristol Rovers,home,draw,49.0508,57.6849,<55,55-<60,55
2026-05-02,Osasuna,Barcelona,away,away,51.9805,60.9434,<55,60-<65,55|60
2026-05-02,Persebaya Surabaya,PSBS Biak Numfor,home,home,78.3802,86.2671,65-<80,>=80,80
2026-05-02,Porto,FC Alverca,home,home,71.4881,80.4201,65-<80,>=80,80
2026-05-02,Real Salt Lake,Portland Timbers,home,home,56.7038,66.0261,55-<60,65-<80,60|65
2026-05-02,Samsunspor,Galatasaray,away,home,58.6201,68.0248,55-<60,65-<80,60|65
2026-05-02,Slovan Liberec,Slavia Praha,away,away,48.6835,57.2710,<55,55-<60,55
2026-05-02,Villarreal,Levante,home,home,64.1773,73.6032,60-<65,65-<80,65
2026-05-03,Barcelona W,Bayern Munich W,home,home,59.7971,69.2338,55-<60,65-<80,60|65
2026-05-03,Borussia M'gladbach,Borussia Dortmund,away,home,47.4512,55.8735,<55,55-<60,55
2026-05-03,Celta Vigo,Elche,home,home,47.9709,56.4645,<55,55-<60,55
2026-05-03,Gimhae City,Busan I'Park,away,away,51.4164,60.3222,<55,60-<65,55|60
2026-05-03,Hibernian,Celtic,away,away,53.1605,62.2334,<55,60-<65,55|60
2026-05-03,Leicester City W,Chelsea W,away,away,76.4334,84.6749,65-<80,>=80,80
2026-05-03,Lille,Le Havre,home,draw,59.5815,69.0134,55-<60,65-<80,60|65
2026-05-03,Rayo Majadahonda,Rayo Vallecano B,home,home,73.6097,82.2818,65-<80,>=80,80
2026-05-03,Real Betis,Real Oviedo,home,home,52.8607,61.9070,<55,60-<65,55|60
2026-05-03,Ryukyu,Kagoshima United,away,draw,51.6943,60.6285,<55,60-<65,55|60
2026-05-03,Sassuolo,Milan,away,home,51.1604,60.0392,<55,60-<65,55|60
2026-05-03,Sparta Praha,FK Jablonec,home,home,55.0800,64.3033,55-<60,60-<65,60
2026-05-03,Sporting Gijón,AD Ceuta,home,away,50.4107,59.2072,<55,55-<60,55
2026-05-03,Ujpest FC,Ferencvaros,away,away,56.6536,65.9732,55-<60,65-<80,60|65
2026-05-03,Valerenga,KFUM Oslo,home,draw,48.1943,56.7178,<55,55-<60,55
2026-05-04,Bodo/Glimt,Molde,home,away,57.5535,66.9169,55-<60,65-<80,60|65
2026-05-04,Everton,Manchester City,away,draw,59.3910,68.8182,55-<60,65-<80,60|65
2026-05-04,HJK Helsinki,FC Lahti,home,home,47.6175,56.0629,<55,55-<60,55
2026-05-04,Odisha,Bengaluru FC,away,draw,49.6726,58.3830,<55,55-<60,55
2026-05-04,Persib Bandung,PSIM Yogyakarta,home,home,64.6267,74.0397,60-<65,65-<80,65
2026-05-04,Real Kashmir,Namdhari,home,away,53.3649,62.4555,<55,60-<65,55|60
2026-05-04,Shamrock Rovers,Drogheda Utd,home,home,64.5158,73.9322,60-<65,65-<80,65
2026-05-04,Sligo Rovers,St Patricks Dublin,away,draw,58.9227,68.3370,55-<60,65-<80,60|65
2026-05-04,Unión Magdalena,Barranquilla FC,home,home,48.9388,57.5588,<55,55-<60,55
2026-05-04,Waterford United,Dundalk FC,away,draw,56.5019,65.8133,55-<60,65-<80,60|65
2026-05-05,Besiktas,Konyaspor,home,away,59.3372,68.7631,55-<60,65-<80,60|65
2026-05-05,Ceramica Cleopatra,Pyramids,away,draw,52.3905,61.3931,<55,60-<65,55|60
2026-05-05,Maccabi Tel Aviv,Hapoel Petah Tikva,home,home,62.1396,71.5962,60-<65,65-<80,65
2026-05-05,Stellenbosch FC,Orlando Pirates,away,away,61.5805,71.0377,60-<65,65-<80,65
2026-05-06,Hacken W,Djurgarden W,home,home,55.2734,64.5099,55-<60,60-<65,60
2026-05-06,Kagoshima United,Oita Trinita,home,away,49.5013,58.1910,<55,55-<60,55
2026-05-06,Sagan Tosu,Gainare Tottori,home,home,49.8045,58.5306,<55,55-<60,55
2026-05-07,Aston Villa,Nottingham Forest,home,home,53.4310,62.5272,<55,60-<65,55|60
2026-05-07,FAR Rabat,Olympique Safi,home,draw,63.6369,73.0754,60-<65,65-<80,65
2026-05-07,MC Oran,ASO Chlef,home,home,55.1494,64.3775,55-<60,60-<65,60
2026-05-08,Pachuca W,Monterrey W,home,home,50.6934,59.5215,<55,55-<60,55
2026-05-09,Galatasaray,Antalyaspor,home,home,73.6828,82.3449,65-<80,>=80,80
2026-05-09,Hoffenheim,Werder Bremen,home,home,59.3286,68.7543,55-<60,65-<80,60|65
2026-05-09,Konyaspor,Fenerbahçe,away,away,60.4392,69.8871,60-<65,65-<80,65
2026-05-09,Launceston United,Kingborough Lions,away,away,78.7989,86.6033,65-<80,>=80,80
2026-05-09,Lecce,Juventus,away,away,64.9059,74.3097,60-<65,65-<80,65
2026-05-09,Málaga CF,Sporting Gijón,home,home,52.1661,61.1472,<55,60-<65,55|60
2026-05-09,Sunderland,Manchester United,away,draw,49.4066,58.0847,<55,55-<60,55
2026-05-09,Zemplin Michalovce,Dunajska Streda,away,home,50.0360,58.7894,<55,55-<60,55
2026-05-09,Zulte Waregem,Dender,home,home,54.7960,63.9993,<55,60-<65,55|60
2026-05-10,Burnley,Aston Villa,away,draw,59.6664,69.1002,55-<60,65-<80,60|65
2026-05-10,Radnicki Nis,Mladost Lucani,home,home,47.4776,55.9036,<55,55-<60,55
2026-05-10,West Ham,Arsenal,away,away,62.5596,72.0135,60-<65,65-<80,65
2026-05-11,FCSB,Unirea Slobozia,home,draw,71.7157,80.6224,65-<80,>=80,80
2026-05-11,Maccabi Petah Tikva,Hapoel Rishon Lezion,home,home,48.3479,56.8917,<55,55-<60,55
2026-05-11,Napoli,Bologna,home,away,54.3198,63.4879,<55,60-<65,55|60
2026-05-11,Yverdon-Sport,Rapperswil,home,home,48.8773,57.4896,<55,55-<60,55
2026-05-14,Always Ready,The Strongest,home,away,50.4369,59.2363,<55,55-<60,55
2026-05-14,Real Madrid,Real Oviedo,home,home,72.0000,80.8742,65-<80,>=80,80
2026-05-15,FC Aarau,Yverdon-Sport,home,draw,49.5010,58.1907,<55,55-<60,55
2026-05-15,Hapoel Tel Aviv,Hapoel Beer Sheva,away,away,49.4493,58.1327,<55,55-<60,55
2026-05-15,Rizespor,Besiktas,away,draw,47.0347,55.3983,<55,55-<60,55
2026-05-15,St Patricks Dublin,Shelbourne FC,home,away,47.5500,55.9860,<55,55-<60,55
2026-05-15,Versailles 78,Stade Briochin,home,draw,62.4174,71.8725,60-<65,65-<80,65
2026-05-16,Arda Kardzhali,Lokomotiv Plovdiv,home,home,48.7599,57.3572,<55,55-<60,55
2026-05-16,Bayer Leverkusen,Hamburger SV,home,draw,58.0972,67.4831,55-<60,65-<80,60|65
2026-05-16,Bayern Munich,Köln,home,home,71.7375,80.6417,65-<80,>=80,80
2026-05-16,Borussia M'gladbach,Hoffenheim,away,home,49.3502,58.0215,<55,55-<60,55
2026-05-16,Brann,KFUM Oslo,home,home,49.4926,58.1813,<55,55-<60,55
2026-05-16,Chelsea,Manchester City,away,away,49.5119,58.2030,<55,55-<60,55
2026-05-16,Longford Town,Cork City,away,away,54.5873,63.7755,<55,60-<65,55|60
2026-05-16,MSV Duisburg,Viktoria Köln,home,draw,59.0189,68.4361,55-<60,65-<80,60|65
2026-05-16,Middelfart G & BK,HB Koge,away,away,61.3899,70.8465,60-<65,65-<80,65
2026-05-16,Racing Santander,Real Valladolid,home,home,62.6494,72.1025,60-<65,65-<80,65
2026-05-16,Werder Bremen,Borussia Dortmund,away,away,52.1793,61.1617,<55,60-<65,55|60
2026-05-17,AC Pisa,Napoli,away,away,78.1546,86.0850,65-<80,>=80,80
2026-05-17,Atlético Madrid,Girona,home,home,49.2746,57.9366,<55,55-<60,55
2026-05-17,Genoa,Milan,away,away,54.1795,63.3367,<55,60-<65,55|60
2026-05-17,Hannover 96,Nürnberg,home,draw,50.3343,59.1220,<55,55-<60,55
2026-05-17,Lille,Auxerre,home,away,52.8901,61.9390,<55,60-<65,55|60
2026-05-17,Manchester United,Nottingham Forest,home,home,55.6801,64.9430,55-<60,60-<65,60
2026-05-17,Nice,Metz,home,draw,56.5179,65.8302,55-<60,65-<80,60|65
2026-05-18,Montana,Spartak Varna,away,away,51.4834,60.3961,<55,60-<65,55|60
2026-05-18,Shirak FC,FC Urartu,away,draw,61.7161,71.1734,60-<65,65-<80,65
2026-05-19,Bournemouth,Manchester City,away,draw,54.9070,64.1182,<55,60-<65,55|60
2026-05-19,Hapoel Beer Sheva,Maccabi Tel Aviv,home,home,51.4011,60.3052,<55,60-<65,55|60
2026-05-19,North East Utd,Mohammedan SC,home,home,58.2786,67.6714,55-<60,65-<80,60|65
2026-05-19,Sporting Charleroi,OH Leuven,home,draw,47.3294,55.7347,<55,55-<60,55
2026-05-20,São Paulo,Millonarios,home,draw,50.4520,59.2531,<55,55-<60,55
2026-05-21,Atromitos FC,Panserraikos,home,home,59.5622,68.9937,55-<60,65-<80,60|65
2026-05-21,Flamengo,Estudiantes La Plata,home,home,54.5849,63.7728,<55,60-<65,55|60
2026-05-21,Grêmio,Palestino,home,home,57.7207,67.0914,55-<60,65-<80,60|65
2026-05-21,Inter Kashi,East Bengal,away,away,62.2556,71.7117,60-<65,65-<80,65
2026-05-21,Jamshedpur,Odisha,home,draw,61.9229,71.3801,60-<65,65-<80,65
2026-05-21,Nassaji Mazandaran,Navad Urmia,home,home,62.2176,71.6738,60-<65,65-<80,65
2026-05-21,Palmeiras,Cerro Porteño,home,away,53.2149,62.2925,<55,60-<65,55|60
2026-05-22,Green Gully SC,Heidelberg United,away,away,56.4918,65.8026,55-<60,65-<80,60|65
2026-05-22,Lens,Nice,home,home,59.4108,68.8385,55-<60,65-<80,60|65
2026-05-22,Racing Club,Caracas,home,draw,54.5519,63.7374,<55,60-<65,55|60
2026-05-22,Septemvri Sofia,Dobrudzha,home,draw,58.4948,67.8953,55-<60,65-<80,60|65
2026-05-22,Shamrock Rovers,Sligo Rovers,home,away,72.0610,80.9281,65-<80,>=80,80
2026-05-22,USM Alger,Paradou AC,home,home,50.6009,59.4187,<55,55-<60,55
2026-05-22,Vikingur Reykjavik,FH Hafnarfjordur,home,home,74.5079,83.0536,65-<80,>=80,80
2026-05-23,Celtic,Dunfermline,home,home,77.0850,85.2131,65-<80,>=80,80
2026-05-23,Fratria,Pirin Blagoevgrad,home,home,58.1029,67.4891,55-<60,65-<80,60|65
2026-05-23,Gornik Zabrze,Radomiak Radom,home,home,51.3319,60.2288,<55,60-<65,55|60
2026-05-23,Lazio,AC Pisa,home,home,52.7903,61.8302,<55,60-<65,55|60
2026-05-23,ORBIT College FC,Orlando Pirates,away,away,73.1404,81.8747,65-<80,>=80,80
2026-05-23,Real Mallorca,Real Oviedo,home,home,50.0331,58.7862,<55,55-<60,55
2026-05-23,Riverside Olympic,South Hobart,away,draw,76.6816,84.8805,65-<80,>=80,80
2026-05-23,Valencia,Barcelona,away,home,47.3068,55.7090,<55,55-<60,55
2026-05-24,Antofagasta,Deportes Santa Cruz,home,draw,55.7037,64.9682,55-<60,60-<65,60
2026-05-24,Napoli,Udinese,home,home,56.7542,66.0791,55-<60,65-<80,60|65
2026-05-24,Torino,Juventus,away,draw,54.6023,63.7916,<55,60-<65,55|60
2026-05-25,Hapoel Kfar Saba,Hapoel Ramat Gan,away,draw,54.3146,63.4822,<55,60-<65,55|60
2026-05-25,South Melbourne,Avondale FC,away,away,54.9556,64.1702,<55,60-<65,55|60
2026-05-25,Suwon Bluewings,Cheonan City,home,home,50.3936,59.1882,<55,55-<60,55
2026-05-25,Treaty United,Cork City,away,away,63.9856,73.4163,60-<65,65-<80,65
2026-05-26,Alashkert,Shirak FC,home,home,61.8962,71.3535,60-<65,65-<80,65
2026-05-26,Stjarnan FC,Vikingur Reykjavik,away,away,53.5347,62.6397,<55,60-<65,55|60
2026-05-27,FC Urartu,Noah,away,away,48.8342,57.4410,<55,55-<60,55
2026-05-27,Flamengo,Cusco FC,home,home,76.0750,84.3766,65-<80,>=80,80
2026-05-27,Gazelle,Stade Renard,home,home,50.3972,59.1921,<55,55-<60,55
2026-05-27,San Lorenzo,Deportivo Recoleta,home,away,54.8851,64.0948,<55,60-<65,55|60
2026-05-28,Corinthians,CA Platense,home,away,47.1654,55.5476,<55,55-<60,55
2026-05-28,Fluminense,Deportivo La Guaira,home,home,59.2341,68.6573,55-<60,65-<80,60|65
2026-05-28,River Plate,Blooming,home,home,72.8322,81.6058,65-<80,>=80,80
2026-05-29,CA Tigre,Alianza Atlético,home,home,54.4709,63.6503,<55,60-<65,55|60
2026-05-29,Cruzeiro,Barcelona SC,home,home,58.6257,68.0306,55-<60,65-<80,60|65
2026-05-29,Nõmme United,Flora Tallinn,away,away,56.6778,65.9986,55-<60,65-<80,60|65
2026-05-29,Rosenborg BK,Bodo/Glimt,away,draw,60.0172,69.4582,60-<65,65-<80,65
2026-05-30,Meshakhte Tkibuli,Dinamo Tbilisi,away,away,46.7139,55.0312,<55,55-<60,55
2026-05-31,Palmeiras,Chapecoense SC,home,home,71.5833,80.5048,65-<80,>=80,80
2026-05-31,Real Zaragoza,Málaga CF,away,away,58.9536,68.3689,55-<60,65-<80,60|65
2026-06-03,Fortaleza,Vitória,home,away,47.0129,55.3734,<55,55-<60,55
2026-06-03,Rochedale Rovers,Magic United,home,home,57.1695,66.5153,55-<60,65-<80,60|65
2026-06-04,FAR Rabat,Difaâ El Jadidi,home,home,51.6978,60.6325,<55,60-<65,55|60
2026-06-04,Stenungsunds IF,Vänersborgs IF,home,home,51.7124,60.6485,<55,60-<65,55|60
2026-06-05,Adelaide City,Sturt Lions,home,home,52.3171,61.3128,<55,60-<65,55|60
2026-06-05,Bentleigh Greens,Hume City FC,away,away,47.2485,55.6424,<55,55-<60,55
2026-06-05,FC Haka,JäPS,home,away,47.0967,55.4691,<55,55-<60,55
2026-06-05,Green Gully SC,Avondale FC,away,away,60.0856,69.5278,60-<65,65-<80,65
2026-06-05,JS Saoura,CS Constantine,home,home,53.2149,62.2926,<55,60-<65,55|60
2026-06-05,Kudrivka,FC Ahrobiznes,home,draw,48.3503,56.8944,<55,55-<60,55
2026-06-05,Oakleigh Cannons,St Albans Saints,home,draw,53.6015,62.7121,<55,60-<65,55|60
2026-06-05,Vänersborgs FK,Skara FC,away,away,47.5783,56.0183,<55,55-<60,55
2026-06-06,Criciúma,Londrina,home,home,55.3702,64.6131,55-<60,60-<65,60
2026-06-06,Gefle IF,Hammarby TTF,away,away,60.9307,70.3842,60-<65,65-<80,65
2026-06-06,Kashiwa Reysol,Kyoto Sanga,home,away,46.7219,55.0404,<55,55-<60,55
2026-06-06,Playford City Patriots,Adelaide Comets,home,draw,52.5300,61.5458,<55,60-<65,55|60
2026-06-06,Vestri,Volsungur,home,home,50.5083,59.3158,<55,55-<60,55
2026-06-07,GimPo Citizen,Jeonnam Dragons,home,draw,49.7034,58.4175,<55,55-<60,55
2026-06-07,Luverdense,Inhumas,home,home,60.4771,69.9255,60-<65,65-<80,65
2026-06-07,Trelleborgs FF,Skovde AIK,home,home,52.8500,61.8952,<55,60-<65,55|60
2026-06-08,Berazategui,Juventud Unida SM,home,home,48.4490,57.0061,<55,55-<60,55
2026-06-11,Mexico,South Africa,home,home,62.9327,72.3827,60-<65,65-<80,65
